"","NAME_EN","featurecla","scalerank","LABELRANK","SOVEREIGNT","SOV_A3","ADM0_DIF","LEVEL","TYPE","TLC","ADMIN","ADM0_A3","GEOU_DIF","GEOUNIT","GU_A3","SU_DIF","SUBUNIT","SU_A3","BRK_DIFF","NAME","NAME_LONG","BRK_A3","BRK_NAME","BRK_GROUP","ABBREV","POSTAL","FORMAL_EN","FORMAL_FR","NAME_CIAWF","NOTE_ADM0","NOTE_BRK","NAME_SORT","NAME_ALT","MAPCOLOR7","MAPCOLOR8","MAPCOLOR9","MAPCOLOR13","POP_EST","POP_RANK","POP_YEAR","GDP_MD","GDP_YEAR","ECONOMY","INCOME_GRP","FIPS_10","ISO_A2","ISO_A2_EH","ISO_A3","ISO_A3_EH","ISO_N3","ISO_N3_EH","UN_A3","WB_A2","WB_A3","WOE_ID","WOE_ID_EH","WOE_NOTE","ADM0_ISO","ADM0_DIFF","ADM0_TLC","ADM0_A3_US","ADM0_A3_FR","ADM0_A3_RU","ADM0_A3_ES","ADM0_A3_CN","ADM0_A3_TW","ADM0_A3_IN","ADM0_A3_NP","ADM0_A3_PK","ADM0_A3_DE","ADM0_A3_GB","ADM0_A3_BR","ADM0_A3_IL","ADM0_A3_PS","ADM0_A3_SA","ADM0_A3_EG","ADM0_A3_MA","ADM0_A3_PT","ADM0_A3_AR","ADM0_A3_JP","ADM0_A3_KO","ADM0_A3_VN","ADM0_A3_TR","ADM0_A3_ID","ADM0_A3_PL","ADM0_A3_GR","ADM0_A3_IT","ADM0_A3_NL","ADM0_A3_SE","ADM0_A3_BD","ADM0_A3_UA","ADM0_A3_UN","ADM0_A3_WB","CONTINENT","REGION_UN","SUBREGION","REGION_WB","NAME_LEN","LONG_LEN","ABBREV_LEN","TINY","HOMEPART","MIN_ZOOM","MIN_LABEL","MAX_LABEL","LABEL_X","LABEL_Y","NE_ID","WIKIDATAID","NAME_AR","NAME_BN","NAME_DE","NAME_ES","NAME_FA","NAME_FR","NAME_EL","NAME_HE","NAME_HI","NAME_HU","NAME_ID","NAME_IT","NAME_JA","NAME_KO","NAME_NL","NAME_PL","NAME_PT","NAME_RU","NAME_SV","NAME_TR","NAME_UK","NAME_UR","NAME_VI","NAME_ZH","NAME_ZHT","FCLASS_ISO","TLC_DIFF","FCLASS_TLC","FCLASS_US","FCLASS_FR","FCLASS_RU","FCLASS_ES","FCLASS_CN","FCLASS_TW","FCLASS_IN","FCLASS_NP","FCLASS_PK","FCLASS_DE","FCLASS_GB","FCLASS_BR","FCLASS_IL","FCLASS_PS","FCLASS_SA","FCLASS_EG","FCLASS_MA","FCLASS_PT","FCLASS_AR","FCLASS_JP","FCLASS_KO","FCLASS_VN","FCLASS_TR","FCLASS_ID","FCLASS_PL","FCLASS_GR","FCLASS_IT","FCLASS_NL","FCLASS_SE","FCLASS_BD","FCLASS_UA","Talent","Infrastructure","Operating Environment","Research","Development","Government Strategy","Commercial","Total score","Region","Cluster","Income group","Political regime"
"1","Argentina","Admin-0 country",1,2,"Argentina","ARG",0,2,"Sovereign country","1","Argentina","ARG",0,"Argentina","ARG",0,"Argentina","ARG",0,"Argentina","Argentina","ARG","Argentina",NA,"Arg.","AR","Argentine Republic",NA,"Argentina",NA,NA,"Argentina",NA,3,1,3,13,44938712,15,2019,445445,2019,"5. Emerging region: G20","3. Upper middle income","AR","AR","AR","ARG","ARG","032","032","032","AR","ARG",23424747,23424747,"Exact WOE match as country","ARG",NA,"ARG","ARG","ARG","ARG","ARG","ARG","ARG","ARG","ARG","ARG","ARG","ARG","ARG","ARG","ARG","ARG","ARG","ARG","ARG","ARG","ARG","ARG","ARG","ARG","ARG","ARG","ARG","ARG","ARG","ARG","ARG","ARG",-99,-99,"South America","Americas","South America","Latin America & Caribbean",9,9,4,-99,1,0,2,7,-64.173331,-33.501159,1159320331,"Q414","الأرجنتين","আর্জেন্টিনা","Argentinien","Argentina","آرژانتین","Argentine","Αργεντινή","ארגנטינה","अर्जेण्टीना","Argentína","Argentina","Argentina","アルゼンチン","아르헨티나","Argentinië","Argentyna","Argentina","Аргентина","Argentina","Arjantin","Аргентина","ارجنٹائن","Argentina","阿根廷","阿根廷","Admin-0 country",NA,"Admin-0 country",NA,NA,NA,NA,NA,NA,NA,NA,NA,NA,NA,NA,NA,NA,NA,NA,NA,NA,NA,NA,NA,NA,NA,NA,NA,NA,NA,NA,NA,NA,NA,8.4,56.15,75.95,1.25,3.19,54.94,0.34,15.24,"Americas","Waking up","Upper middle","Electoral democracy"
"2","Armenia","Admin-0 country",1,6,"Armenia","ARM",0,2,"Sovereign country","1","Armenia","ARM",0,"Armenia","ARM",0,"Armenia","ARM",0,"Armenia","Armenia","ARM","Armenia",NA,"Arm.","ARM","Republic of Armenia",NA,"Armenia",NA,NA,"Armenia",NA,3,1,2,10,2957731,12,2019,13672,2019,"6. Developing region","4. Lower middle income","AM","AM","AM","ARM","ARM","051","051","051","AM","ARM",23424743,23424743,"Exact WOE match as country","ARM",NA,"ARM","ARM","ARM","ARM","ARM","ARM","ARM","ARM","ARM","ARM","ARM","ARM","ARM","ARM","ARM","ARM","ARM","ARM","ARM","ARM","ARM","ARM","ARM","ARM","ARM","ARM","ARM","ARM","ARM","ARM","ARM","ARM",-99,-99,"Asia","Asia","Western Asia","Europe & Central Asia",7,7,4,-99,1,0,5,10,44.800564,40.459077,1159320333,"Q399","أرمينيا","আর্মেনিয়া","Armenien","Armenia","ارمنستان","Arménie","Αρμενία","ארמניה","आर्मीनिया","Örményország","Armenia","Armenia","アルメニア","아르메니아","Armenië","Armenia","Arménia","Армения","Armenien","Ermenistan","Вірменія","آرمینیا","Armenia","亚美尼亚","亞美尼亞","Admin-0 country",NA,"Admin-0 country",NA,NA,NA,NA,NA,NA,NA,NA,NA,NA,NA,NA,NA,NA,NA,NA,NA,NA,NA,NA,NA,NA,NA,NA,NA,NA,NA,NA,NA,NA,NA,6.69,37.84,58.4,0.28,0.33,14.4,1.37,8.49,"Europe","Waking up","Upper middle","Electoral democracy"
"3","Australia","Admin-0 country",1,2,"Australia","AU1",1,2,"Country","1","Australia","AUS",0,"Australia","AUS",0,"Australia","AUS",0,"Australia","Australia","AUS","Australia",NA,"Auz.","AU","Commonwealth of Australia",NA,"Australia",NA,NA,"Australia",NA,1,2,2,7,25364307,15,2019,1396567,2019,"2. Developed region: nonG7","1. High income: OECD","AS","AU","AU","AUS","AUS","036","036","036","AU","AUS",-90,23424748,"Includes Ashmore and Cartier Islands (23424749) and Coral Sea Islands (23424790).","AUS",NA,"AUS","AUS","AUS","AUS","AUS","AUS","AUS","AUS","AUS","AUS","AUS","AUS","AUS","AUS","AUS","AUS","AUS","AUS","AUS","AUS","AUS","AUS","AUS","AUS","AUS","AUS","AUS","AUS","AUS","AUS","AUS","AUS",-99,-99,"Oceania","Oceania","Australia and New Zealand","East Asia & Pacific",9,9,4,-99,1,0,1.7,5.7,134.04972,-24.129522,1159320355,"Q408","أستراليا","অস্ট্রেলিয়া","Australien","Australia","استرالیا","Australie","Αυστραλία","אוסטרליה","ऑस्ट्रेलिया","Ausztrália","Australia","Australia","オーストラリア","오스트레일리아","Australië","Australia","Austrália","Австралия","Australien","Avustralya","Австралія","آسٹریلیا","Úc","澳大利亚","澳大利亞","Admin-0 country",NA,"Admin-0 country",NA,NA,NA,NA,NA,NA,NA,NA,NA,NA,NA,NA,NA,NA,NA,NA,NA,NA,NA,NA,NA,NA,NA,NA,NA,NA,NA,NA,NA,NA,NA,25.43,63.43,61.23,32.63,41.15,82.11,6.72,33.86,"Asia-Pacific","Rising stars","High","Liberal democracy"
"4","Austria","Admin-0 country",1,4,"Austria","AUT",0,2,"Sovereign country","1","Austria","AUT",0,"Austria","AUT",0,"Austria","AUT",0,"Austria","Austria","AUT","Austria",NA,"Aust.","A","Republic of Austria",NA,"Austria",NA,NA,"Austria",NA,3,1,3,4,8877067,13,2019,445075,2019,"2. Developed region: nonG7","1. High income: OECD","AU","AT","AT","AUT","AUT","040","040","040","AT","AUT",23424750,23424750,"Exact WOE match as country","AUT",NA,"AUT","AUT","AUT","AUT","AUT","AUT","AUT","AUT","AUT","AUT","AUT","AUT","AUT","AUT","AUT","AUT","AUT","AUT","AUT","AUT","AUT","AUT","AUT","AUT","AUT","AUT","AUT","AUT","AUT","AUT","AUT","AUT",-99,-99,"Europe","Europe","Western Europe","Europe & Central Asia",7,7,5,-99,1,0,3,8,14.130515,47.518859,1159320379,"Q40","النمسا","অস্ট্রিয়া","Österreich","Austria","اتریش","Autriche","Αυστρία","אוסטריה","ऑस्ट्रिया","Ausztria","Austria","Austria","オーストリア","오스트리아","Oostenrijk","Austria","Áustria","Австрия","Österrike","Avusturya","Австрія","آسٹریا","Áo","奥地利","奧地利","Admin-0 country",NA,"Admin-0 country",NA,NA,NA,NA,NA,NA,NA,NA,NA,NA,NA,NA,NA,NA,NA,NA,NA,NA,NA,NA,NA,NA,NA,NA,NA,NA,NA,NA,NA,NA,NA,16.97,64.49,76.3,23.56,17.81,72.14,3.08,26.89,"Europe","Waking up","High","Electoral democracy"
"5","Bahrain","Admin-0 country",1,4,"Bahrain","BHR",0,2,"Sovereign country","1","Bahrain","BHR",0,"Bahrain","BHR",0,"Bahrain","BHR",0,"Bahrain","Bahrain","BHR","Bahrain",NA,"Bahr.","BH","Kingdom of Bahrain",NA,"Bahrain",NA,NA,"Bahrain",NA,1,1,1,9,1641172,12,2019,38574,2019,"6. Developing region","2. High income: nonOECD","BA","BH","BH","BHR","BHR","048","048","048","BH","BHR",23424753,23424753,"Exact WOE match as country","BHR",NA,"BHR","BHR","BHR","BHR","BHR","BHR","BHR","BHR","BHR","BHR","BHR","BHR","BHR","BHR","BHR","BHR","BHR","BHR","BHR","BHR","BHR","BHR","BHR","BHR","BHR","BHR","BHR","BHR","BHR","BHR","BHR","BHR",-99,-99,"Asia","Asia","Western Asia","Middle East & North Africa",7,7,5,2,1,0,4,9,50.554816,26.055972,1159320413,"Q398","البحرين","বাহরাইন","Bahrain","Baréin","بحرین","Bahreïn","Μπαχρέιν","בחריין","बहरीन","Bahrein","Bahrain","Bahrein","バーレーン","바레인","Bahrein","Bahrajn","Bahrein","Бахрейн","Bahrain","Bahreyn","Бахрейн","بحرین","Bahrain","巴林","巴林","Admin-0 country",NA,"Admin-0 country",NA,NA,NA,NA,NA,NA,NA,NA,NA,NA,NA,NA,NA,NA,NA,NA,NA,NA,NA,NA,NA,NA,NA,NA,NA,NA,NA,NA,NA,NA,NA,4.99,60.39,60.9,2.53,0,17.72,0.24,11.79,"Middle East","Waking up","High","Closed autocracy"
"6","Belgium","Admin-0 country",1,2,"Belgium","BEL",0,2,"Sovereign country","1","Belgium","BEL",0,"Belgium","BEL",0,"Belgium","BEL",0,"Belgium","Belgium","BEL","Belgium",NA,"Belg.","B","Kingdom of Belgium",NA,"Belgium",NA,NA,"Belgium",NA,3,2,1,8,11484055,14,2019,533097,2019,"2. Developed region: nonG7","1. High income: OECD","BE","BE","BE","BEL","BEL","056","056","056","BE","BEL",23424757,23424757,"Exact WOE match as country","BEL",NA,"BEL","BEL","BEL","BEL","BEL","BEL","BEL","BEL","BEL","BEL","BEL","BEL","BEL","BEL","BEL","BEL","BEL","BEL","BEL","BEL","BEL","BEL","BEL","BEL","BEL","BEL","BEL","BEL","BEL","BEL","BEL","BEL",-99,-99,"Europe","Europe","Western Europe","Europe & Central Asia",7,7,5,-99,1,0,4,9,4.800448,50.785392,1159320389,"Q31","بلجيكا","বেলজিয়াম","Belgien","Bélgica","بلژیک","Belgique","Βέλγιο","בלגיה","बेल्जियम","Belgium","Belgia","Belgio","ベルギー","벨기에","België","Belgia","Bélgica","Бельгия","Belgien","Belçika","Бельгія","بلجئیم","Bỉ","比利时","比利時","Admin-0 country",NA,"Admin-0 country",NA,NA,NA,NA,NA,NA,NA,NA,NA,NA,NA,NA,NA,NA,NA,NA,NA,NA,NA,NA,NA,NA,NA,NA,NA,NA,NA,NA,NA,NA,NA,15.17,65.1,64.08,22.15,19.81,63.58,5.31,25.52,"Europe","Waking up","High","Liberal democracy"
"7","Brazil","Admin-0 country",1,2,"Brazil","BRA",0,2,"Sovereign country","1","Brazil","BRA",0,"Brazil","BRA",0,"Brazil","BRA",0,"Brazil","Brazil","BRA","Brazil",NA,"Brazil","BR","Federative Republic of Brazil",NA,"Brazil",NA,NA,"Brazil",NA,5,6,5,7,211049527,17,2019,1839758,2019,"3. Emerging region: BRIC","3. Upper middle income","BR","BR","BR","BRA","BRA","076","076","076","BR","BRA",23424768,23424768,"Exact WOE match as country","BRA",NA,"BRA","BRA","BRA","BRA","BRA","BRA","BRA","BRA","BRA","BRA","BRA","BRA","BRA","BRA","BRA","BRA","BRA","BRA","BRA","BRA","BRA","BRA","BRA","BRA","BRA","BRA","BRA","BRA","BRA","BRA","BRA","BRA",-99,-99,"South America","Americas","South America","Latin America & Caribbean",6,6,6,-99,1,0,1.7,5.7,-49.55945,-12.098687,1159320441,"Q155","البرازيل","ব্রাজিল","Brasilien","Brasil","برزیل","Brésil","Βραζιλία","ברזיל","ब्राज़ील","Brazília","Brasil","Brasile","ブラジル","브라질","Brazilië","Brazylia","Brasil","Бразилия","Brasilien","Brezilya","Бразилія","برازیل","Brasil","巴西","巴西","Admin-0 country",NA,"Admin-0 country",NA,NA,NA,NA,NA,NA,NA,NA,NA,NA,NA,NA,NA,NA,NA,NA,NA,NA,NA,NA,NA,NA,NA,NA,NA,NA,NA,NA,NA,NA,NA,13.46,62.61,72.82,4.83,5.07,67.72,1.36,18.89,"Americas","Waking up","Upper middle","Electoral democracy"
"8","Canada","Admin-0 country",1,2,"Canada","CAN",0,2,"Sovereign country","1","Canada","CAN",0,"Canada","CAN",0,"Canada","CAN",0,"Canada","Canada","CAN","Canada",NA,"Can.","CA","Canada",NA,"Canada",NA,NA,"Canada",NA,6,6,2,2,37589262,15,2019,1736425,2019,"1. Developed region: G7","1. High income: OECD","CA","CA","CA","CAN","CAN","124","124","124","CA","CAN",23424775,23424775,"Exact WOE match as country","CAN",NA,"CAN","CAN","CAN","CAN","CAN","CAN","CAN","CAN","CAN","CAN","CAN","CAN","CAN","CAN","CAN","CAN","CAN","CAN","CAN","CAN","CAN","CAN","CAN","CAN","CAN","CAN","CAN","CAN","CAN","CAN","CAN","CAN",-99,-99,"North America","Americas","Northern America","North America",6,6,4,-99,1,0,1.7,5.7,-101.9107,60.324287,1159320467,"Q16","كندا","কানাডা","Kanada","Canadá","کانادا","Canada","Καναδάς","קנדה","कनाडा","Kanada","Kanada","Canada","カナダ","캐나다","Canada","Kanada","Canadá","Канада","Kanada","Kanada","Канада","کینیڈا","Canada","加拿大","加拿大","Admin-0 country",NA,"Admin-0 country",NA,NA,NA,NA,NA,NA,NA,NA,NA,NA,NA,NA,NA,NA,NA,NA,NA,NA,NA,NA,NA,NA,NA,NA,NA,NA,NA,NA,NA,NA,NA,31.28,77.05,93.94,30.67,25.78,100,14.88,40.19,"Americas","Traditional champions","High","Liberal democracy"
"9","Chile","Admin-0 country",4,2,"Chile","CHL",0,2,"Sovereign country","1","Chile","CHL",0,"Chile","CHL",0,"Chile","CHL",0,"Chile","Chile","CHL","Chile",NA,"Chile","CL","Republic of Chile",NA,"Chile",NA,NA,"Chile",NA,5,1,5,9,18952038,14,2019,282318,2019,"5. Emerging region: G20","3. Upper middle income","CI","CL","CL","CHL","CHL","152","152","152","CL","CHL",23424782,23424782,"Exact WOE match as country","CHL",NA,"CHL","CHL","CHL","CHL","CHL","CHL","CHL","CHL","CHL","CHL","CHL","CHL","CHL","CHL","CHL","CHL","CHL","CHL","CHL","CHL","CHL","CHL","CHL","CHL","CHL","CHL","CHL","CHL","CHL","CHL","CHL","CHL",-99,-99,"South America","Americas","South America","Latin America & Caribbean",5,5,5,-99,1,0,1.7,6.7,-72.318871,-38.151771,1159320493,"Q298","تشيلي","চিলি","Chile","Chile","شیلی","Chili","Χιλή","צ'ילה","चिली","Chile","Chili","Cile","チリ","칠레","Chili","Chile","Chile","Чили","Chile","Şili","Чилі","چلی","Chile","智利","智利","Admin-0 country",NA,"Admin-0 country",NA,NA,NA,NA,NA,NA,NA,NA,NA,NA,NA,NA,NA,NA,NA,NA,NA,NA,NA,NA,NA,NA,NA,NA,NA,NA,NA,NA,NA,NA,NA,10.56,61.97,56.73,1.49,0.67,60.5,2.95,15.33,"Americas","Waking up","High","Liberal democracy"
"10","Colombia","Admin-0 country",1,2,"Colombia","COL",0,2,"Sovereign country","1","Colombia","COL",0,"Colombia","COL",0,"Colombia","COL",0,"Colombia","Colombia","COL","Colombia",NA,"Col.","CO","Republic of Colombia",NA,"Colombia",NA,NA,"Colombia",NA,2,1,3,1,50339443,16,2019,323615,2019,"6. Developing region","3. Upper middle income","CO","CO","CO","COL","COL","170","170","170","CO","COL",23424787,23424787,"Exact WOE match as country","COL",NA,"COL","COL","COL","COL","COL","COL","COL","COL","COL","COL","COL","COL","COL","COL","COL","COL","COL","COL","COL","COL","COL","COL","COL","COL","COL","COL","COL","COL","COL","COL","COL","COL",-99,-99,"South America","Americas","South America","Latin America & Caribbean",8,8,4,-99,1,0,3,7,-73.174347,3.373111,1159320517,"Q739","كولومبيا","কলম্বিয়া","Kolumbien","Colombia","کلمبیا","Colombie","Κολομβία","קולומביה","कोलम्बिया","Kolumbia","Kolombia","Colombia","コロンビア","콜롬비아","Colombia","Kolumbia","Colômbia","Колумбия","Colombia","Kolombiya","Колумбія","کولمبیا","Colombia","哥伦比亚","哥倫比亞","Admin-0 country",NA,"Admin-0 country",NA,NA,NA,NA,NA,NA,NA,NA,NA,NA,NA,NA,NA,NA,NA,NA,NA,NA,NA,NA,NA,NA,NA,NA,NA,NA,NA,NA,NA,NA,NA,4.97,54.8,62.37,0,0.89,85.29,0.5,13.85,"Americas","Waking up","Upper middle","Electoral democracy"
"11","Czech Republic","Admin-0 country",1,5,"Czechia","CZE",0,2,"Sovereign country","1","Czechia","CZE",0,"Czechia","CZE",0,"Czechia","CZE",0,"Czechia","Czech Republic","CZE","Czechia",NA,"Cz.","CZ","Czech Republic","la République tchèque","Czechia",NA,NA,"Czechia","Česko",1,1,2,6,10669709,14,2019,250680,2019,"2. Developed region: nonG7","1. High income: OECD","EZ","CZ","CZ","CZE","CZE","203","203","203","CZ","CZE",23424810,23424810,"Exact WOE match as country","CZE",NA,"CZE","CZE","CZE","CZE","CZE","CZE","CZE","CZE","CZE","CZE","CZE","CZE","CZE","CZE","CZE","CZE","CZE","CZE","CZE","CZE","CZE","CZE","CZE","CZE","CZE","CZE","CZE","CZE","CZE","CZE","CZE","CZE",-99,-99,"Europe","Europe","Eastern Europe","Europe & Central Asia",7,14,3,-99,1,0,4,9,15.377555,49.882364,1159320535,"Q213","التشيك","চেক প্রজাতন্ত্র","Tschechien","República Checa","جمهوری چک","Tchéquie","Τσεχία","צ'כיה","चेक गणराज्य","Csehország","Republik Ceko","Repubblica Ceca","チェコ","체코","Tsjechië","Czechy","Chéquia","Чехия","Tjeckien","Çek Cumhuriyeti","Чехія","چیک جمہوریہ","Cộng hòa Séc","捷克","捷克共和國","Admin-0 country",NA,"Admin-0 country",NA,NA,NA,NA,NA,NA,NA,NA,NA,NA,NA,NA,NA,NA,NA,NA,NA,NA,NA,NA,NA,NA,NA,NA,NA,NA,NA,NA,NA,NA,NA,11.11,64.26,76.97,11.26,2.7,70.29,1.75,20.31,"Europe","Waking up","High","Electoral democracy"
"12","Denmark","Admin-0 country",1,4,"Denmark","DN1",1,2,"Country","1","Denmark","DNK",0,"Denmark","DNK",0,"Denmark","DNK",0,"Denmark","Denmark","DNK","Denmark",NA,"Den.","DK","Kingdom of Denmark",NA,"Denmark",NA,NA,"Denmark",NA,4,1,3,12,5818553,13,2019,350104,2019,"2. Developed region: nonG7","1. High income: OECD","DA","DK","DK","DNK","DNK","208","208","208","DK","DNK",23424796,23424796,"Exact WOE match as country","DNK",NA,"DNK","DNK","DNK","DNK","DNK","DNK","DNK","DNK","DNK","DNK","DNK","DNK","DNK","DNK","DNK","DNK","DNK","DNK","DNK","DNK","DNK","DNK","DNK","DNK","DNK","DNK","DNK","DNK","DNK","DNK","DNK","DNK",-99,-99,"Europe","Europe","Northern Europe","Europe & Central Asia",7,7,4,-99,1,0,3,8,9.018163,55.966965,1159320547,"Q35","الدنمارك","ডেনমার্ক","Dänemark","Dinamarca","دانمارک","Danemark","Δανία","דנמרק","डेनमार्क","Dánia","Denmark","Danimarca","デンマーク","덴마크","Denemarken","Dania","Dinamarca","Дания","Danmark","Danimarka","Данія","ڈنمارک","Đan Mạch","丹麦","丹麥","Admin-0 country",NA,"Admin-0 country",NA,NA,NA,NA,NA,NA,NA,NA,NA,NA,NA,NA,NA,NA,NA,NA,NA,NA,NA,NA,NA,NA,NA,NA,NA,NA,NA,NA,NA,NA,NA,27.07,74.08,85.39,26.01,8.92,74.23,3.46,30.87,"Europe","Rising stars","High","Liberal democracy"
"13","Egypt","Admin-0 country",1,2,"Egypt","EGY",0,2,"Sovereign country","1","Egypt","EGY",0,"Egypt","EGY",0,"Egypt","EGY",0,"Egypt","Egypt","EGY","Egypt",NA,"Egypt","EG","Arab Republic of Egypt",NA,"Egypt",NA,NA,"Egypt, Arab Rep.",NA,4,6,7,2,100388073,17,2019,303092,2019,"5. Emerging region: G20","4. Lower middle income","EG","EG","EG","EGY","EGY","818","818","818","EG","EGY",23424802,23424802,"Exact WOE match as country","EGY",NA,"EGY","EGY","EGY","EGY","EGY","EGY","EGY","EGY","EGY","EGY","EGY","EGY","EGY","EGY","EGY","EGY","EGY","EGY","EGY","EGY","EGY","EGY","EGY","EGY","EGY","EGY","EGY","EGY","EGY","EGY","EGY","EGY",-99,-99,"Africa","Africa","Northern Africa","Middle East & North Africa",5,5,5,-99,1,0,1.7,6.7,29.445837,26.186173,1159320575,"Q79","مصر","মিশর","Ägypten","Egipto","مصر","Égypte","Αίγυπτος","מצרים","मिस्र","Egyiptom","Mesir","Egitto","エジプト","이집트","Egypte","Egipt","Egito","Египет","Egypten","Mısır","Єгипет","مصر","Ai Cập","埃及","埃及","Admin-0 country",NA,"Admin-0 country",NA,NA,NA,NA,NA,NA,NA,NA,NA,NA,NA,NA,NA,NA,NA,NA,NA,NA,NA,NA,NA,NA,NA,NA,NA,NA,NA,NA,NA,NA,NA,1.11,38.84,0,2.08,1.54,68.72,0.31,4.83,"Middle East","Nascent","Lower middle","Electoral autocracy"
"14","Estonia","Admin-0 country",1,6,"Estonia","EST",0,2,"Sovereign country","1","Estonia","EST",0,"Estonia","EST",0,"Estonia","EST",0,"Estonia","Estonia","EST","Estonia",NA,"Est.","EST","Republic of Estonia",NA,"Estonia",NA,NA,"Estonia",NA,3,2,1,10,1326590,12,2019,31471,2019,"2. Developed region: nonG7","1. High income: OECD","EN","EE","EE","EST","EST","233","233","233","EE","EST",23424805,23424805,"Exact WOE match as country","EST",NA,"EST","EST","EST","EST","EST","EST","EST","EST","EST","EST","EST","EST","EST","EST","EST","EST","EST","EST","EST","EST","EST","EST","EST","EST","EST","EST","EST","EST","EST","EST","EST","EST",-99,-99,"Europe","Europe","Northern Europe","Europe & Central Asia",7,7,4,-99,1,0,3,8,25.867126,58.724865,1159320615,"Q191","إستونيا","এস্তোনিয়া","Estland","Estonia","استونی","Estonie","Εσθονία","אסטוניה","एस्टोनिया","Észtország","Estonia","Estonia","エストニア","에스토니아","Estland","Estonia","Estónia","Эстония","Estland","Estonya","Естонія","استونیا","Estonia","爱沙尼亚","愛沙尼亞","Admin-0 country",NA,"Admin-0 country",NA,NA,NA,NA,NA,NA,NA,NA,NA,NA,NA,NA,NA,NA,NA,NA,NA,NA,NA,NA,NA,NA,NA,NA,NA,NA,NA,NA,NA,NA,NA,18.74,63.65,88.67,11.75,9.31,72.08,12.51,26.6,"Europe","Waking up","High","Liberal democracy"
"15","Finland","Admin-0 country",1,3,"Finland","FI1",1,2,"Country","1","Finland","FIN",0,"Finland","FIN",0,"Finland","FIN",0,"Finland","Finland","FIN","Finland",NA,"Fin.","FIN","Republic of Finland",NA,"Finland",NA,NA,"Finland",NA,4,1,4,6,5520314,13,2019,269296,2019,"2. Developed region: nonG7","1. High income: OECD","FI","FI","FI","FIN","FIN","246","246","246","FI","FIN",23424812,23424812,"Exact WOE match as country","FIN",NA,"FIN","FIN","FIN","FIN","FIN","FIN","FIN","FIN","FIN","FIN","FIN","FIN","FIN","FIN","FIN","FIN","FIN","FIN","FIN","FIN","FIN","FIN","FIN","FIN","FIN","FIN","FIN","FIN","FIN","FIN","FIN","FIN",-99,-99,"Europe","Europe","Northern Europe","Europe & Central Asia",7,7,4,-99,1,0,3,8,27.276449,63.252361,1159320623,"Q33","فنلندا","ফিনল্যান্ড","Finnland","Finlandia","فنلاند","Finlande","Φινλανδία","פינלנד","फ़िनलैण्ड","Finnország","Finlandia","Finlandia","フィンランド","핀란드","Finland","Finlandia","Finlândia","Финляндия","Finland","Finlandiya","Фінляндія","فن لینڈ","Phần Lan","芬兰","芬蘭","Admin-0 country",NA,"Admin-0 country",NA,NA,NA,NA,NA,NA,NA,NA,NA,NA,NA,NA,NA,NA,NA,NA,NA,NA,NA,NA,NA,NA,NA,NA,NA,NA,NA,NA,NA,NA,NA,24.99,71.6,78.76,25.21,18.32,85.99,4.64,31.36,"Europe","Rising stars","High","Liberal democracy"
"16","France","Admin-0 country",1,2,"France","FR1",1,2,"Country","1","France","FRA",0,"France","FRA",0,"France","FRA",0,"France","France","FRA","France",NA,"Fr.","F","French Republic",NA,"France",NA,NA,"France",NA,7,5,9,11,67059887,16,2019,2715518,2019,"1. Developed region: G7","1. High income: OECD","FR","-99","FR","-99","FRA","-99","250","250","FR","FRA",-90,23424819,"Includes only Metropolitan France (including Corsica)","FRA",NA,"FRA","FRA","FRA","FRA","FRA","FRA","FRA","FRA","FRA","FRA","FRA","FRA","FRA","FRA","FRA","FRA","FRA","FRA","FRA","FRA","FRA","FRA","FRA","FRA","FRA","FRA","FRA","FRA","FRA","FRA","FRA","FRA",-99,-99,"Europe","Europe","Western Europe","Europe & Central Asia",6,6,3,-99,1,0,1.7,6.7,2.552275,46.696113,1159320637,"Q142","فرنسا","ফ্রান্স","Frankreich","Francia","فرانسه","France","Γαλλία","צרפת","फ़्रान्स","Franciaország","Prancis","Francia","フランス","프랑스","Frankrijk","Francja","França","Франция","Frankrike","Fransa","Франція","فرانس","Pháp","法国","法國","Admin-0 country",NA,"Admin-0 country",NA,NA,NA,NA,NA,NA,NA,NA,NA,NA,NA,NA,NA,NA,NA,NA,NA,NA,NA,NA,NA,NA,NA,NA,NA,NA,NA,NA,NA,NA,NA,28.32,77.15,80.02,25.48,21.44,91.2,7.65,34.42,"Europe","Traditional champions","High","Liberal democracy"
"17","Germany","Admin-0 country",1,2,"Germany","DEU",0,2,"Sovereign country","1","Germany","DEU",0,"Germany","DEU",0,"Germany","DEU",0,"Germany","Germany","DEU","Germany",NA,"Ger.","D","Federal Republic of Germany",NA,"Germany",NA,NA,"Germany",NA,2,5,5,1,83132799,16,2019,3861123,2019,"1. Developed region: G7","1. High income: OECD","GM","DE","DE","DEU","DEU","276","276","276","DE","DEU",23424829,23424829,"Exact WOE match as country","DEU",NA,"DEU","DEU","DEU","DEU","DEU","DEU","DEU","DEU","DEU","DEU","DEU","DEU","DEU","DEU","DEU","DEU","DEU","DEU","DEU","DEU","DEU","DEU","DEU","DEU","DEU","DEU","DEU","DEU","DEU","DEU","DEU","DEU",-99,-99,"Europe","Europe","Western Europe","Europe & Central Asia",7,7,4,-99,1,0,1.7,6.7,9.678348,50.961733,1159320539,"Q183","ألمانيا","জার্মানি","Deutschland","Alemania","آلمان","Allemagne","Γερμανία","גרמניה","जर्मनी","Németország","Jerman","Germania","ドイツ","독일","Duitsland","Niemcy","Alemanha","Германия","Tyskland","Almanya","Німеччина","جرمنی","Đức","德国","德國","Admin-0 country",NA,"Admin-0 country",NA,NA,NA,NA,NA,NA,NA,NA,NA,NA,NA,NA,NA,NA,NA,NA,NA,NA,NA,NA,NA,NA,NA,NA,NA,NA,NA,NA,NA,NA,NA,27.63,77.22,70.22,35.84,24.79,84.65,8.29,36.04,"Europe","Traditional champions","High","Liberal democracy"
"18","Greece","Admin-0 country",3,3,"Greece","GRC",0,2,"Sovereign country","1","Greece","GRC",0,"Greece","GRC",0,"Greece","GRC",0,"Greece","Greece","GRC","Greece",NA,"Greece","GR","Hellenic Republic",NA,"Greece",NA,NA,"Greece",NA,2,2,2,9,10716322,14,2019,209852,2019,"2. Developed region: nonG7","1. High income: OECD","GR","GR","GR","GRC","GRC","300","300","300","GR","GRC",23424833,23424833,"Exact WOE match as country","GRC",NA,"GRC","GRC","GRC","GRC","GRC","GRC","GRC","GRC","GRC","GRC","GRC","GRC","GRC","GRC","GRC","GRC","GRC","GRC","GRC","GRC","GRC","GRC","GRC","GRC","GRC","GRC","GRC","GRC","GRC","GRC","GRC","GRC",-99,-99,"Europe","Europe","Southern Europe","Europe & Central Asia",6,6,6,-99,1,0,2.7,8,21.72568,39.492763,1159320811,"Q41","اليونان","গ্রিস","Griechenland","Grecia","یونان","Grèce","Ελλάδα","יוון","यूनान","Görögország","Yunani","Grecia","ギリシャ","그리스","Griekenland","Grecja","Grécia","Греция","Grekland","Yunanistan","Греція","یونان","Hy Lạp","希腊","希臘","Admin-0 country",NA,"Admin-0 country",NA,NA,NA,NA,NA,NA,NA,NA,NA,NA,NA,NA,NA,NA,NA,NA,NA,NA,NA,NA,NA,NA,NA,NA,NA,NA,NA,NA,NA,NA,NA,7.62,55.44,83.58,15.12,2.21,22.15,0.92,17.33,"Europe","Waking up","High","Liberal democracy"
"19","Hong Kong","Admin-0 country",3,4,"China","CH1",1,2,"Country","1","Hong Kong S.A.R.","HKG",0,"Hong Kong S.A.R.","HKG",0,"Hong Kong S.A.R.","HKG",0,"Hong Kong","Hong Kong","HKG","Hong Kong",NA,"H.K.","HK","Hong Kong Special Administrative Region, PRC",NA,"Hong Kong","Cn.","China","Hong Kong SAR, China",NA,4,4,4,3,7507400,13,2019,365711,2019,"6. Developing region","2. High income: nonOECD","HK","HK","HK","HKG","HKG","344","344","344","HK","HKG",24865698,24865698,"Exact WOE match as country","HKG",NA,"HKG","HKG","HKG","HKG","HKG","HKG","HKG","HKG","HKG","HKG","HKG","HKG","HKG","HKG","HKG","HKG","HKG","HKG","HKG","HKG","HKG","HKG","HKG","HKG","HKG","HKG","HKG","HKG","HKG","HKG","HKG","HKG",-99,-99,"Asia","Asia","Eastern Asia","East Asia & Pacific",9,9,4,-99,-99,0,4,9,114.097769,22.448829,1159320473,"Q8646","هونغ كونغ","হংকং","Hongkong","Hong Kong","هنگ کنگ","Hong Kong","Χονγκ Κονγκ","הונג קונג","हांगकांग","Hongkong","Hong Kong","Hong Kong","香港","홍콩","Hongkong","Hongkong","Hong Kong","Гонконг","Hongkong","Hong Kong","Гонконг","ہانگ کانگ","Hồng Kông","香港","香港","Admin-0 dependency",NA,"Admin-0 dependency",NA,NA,NA,NA,"Admin-1 region",NA,NA,NA,NA,NA,NA,NA,NA,NA,NA,NA,NA,NA,NA,NA,NA,NA,NA,NA,NA,NA,NA,NA,NA,NA,NA,17.56,96.11,59.5,31.51,8.63,33.29,5.3,29.11,"Asia-Pacific","Waking up","High","Electoral democracy"
"20","Hungary","Admin-0 country",1,5,"Hungary","HUN",0,2,"Sovereign country","1","Hungary","HUN",0,"Hungary","HUN",0,"Hungary","HUN",0,"Hungary","Hungary","HUN","Hungary",NA,"Hun.","HU","Republic of Hungary",NA,"Hungary",NA,NA,"Hungary",NA,4,6,1,5,9769949,13,2019,163469,2019,"2. Developed region: nonG7","1. High income: OECD","HU","HU","HU","HUN","HUN","348","348","348","HU","HUN",23424844,23424844,"Exact WOE match as country","HUN",NA,"HUN","HUN","HUN","HUN","HUN","HUN","HUN","HUN","HUN","HUN","HUN","HUN","HUN","HUN","HUN","HUN","HUN","HUN","HUN","HUN","HUN","HUN","HUN","HUN","HUN","HUN","HUN","HUN","HUN","HUN","HUN","HUN",-99,-99,"Europe","Europe","Eastern Europe","Europe & Central Asia",7,7,4,-99,1,0,4,9,19.447867,47.086841,1159320841,"Q28","المجر","হাঙ্গেরি","Ungarn","Hungría","مجارستان","Hongrie","Ουγγαρία","הונגריה","हंगरी","Magyarország","Hongaria","Ungheria","ハンガリー","헝가리","Hongarije","Węgry","Hungria","Венгрия","Ungern","Macaristan","Угорщина","ہنگری","Hungary","匈牙利","匈牙利","Admin-0 country",NA,"Admin-0 country",NA,NA,NA,NA,NA,NA,NA,NA,NA,NA,NA,NA,NA,NA,NA,NA,NA,NA,NA,NA,NA,NA,NA,NA,NA,NA,NA,NA,NA,NA,NA,10.34,69.17,58.01,4.31,5.4,55.01,1.08,17,"Europe","Waking up","High","Electoral autocracy"
"21","Iceland","Admin-0 country",1,3,"Iceland","ISL",0,2,"Sovereign country","1","Iceland","ISL",0,"Iceland","ISL",0,"Iceland","ISL",0,"Iceland","Iceland","ISL","Iceland",NA,"Iceland","IS","Republic of Iceland",NA,"Iceland",NA,NA,"Iceland",NA,1,4,4,9,361313,10,2019,24188,2019,"2. Developed region: nonG7","1. High income: OECD","IC","IS","IS","ISL","ISL","352","352","352","IS","ISL",23424845,23424845,"Exact WOE match as country","ISL",NA,"ISL","ISL","ISL","ISL","ISL","ISL","ISL","ISL","ISL","ISL","ISL","ISL","ISL","ISL","ISL","ISL","ISL","ISL","ISL","ISL","ISL","ISL","ISL","ISL","ISL","ISL","ISL","ISL","ISL","ISL","ISL","ISL",-99,-99,"Europe","Europe","Northern Europe","Europe & Central Asia",7,7,7,-99,1,0,2,7,-18.673711,64.779286,1159320917,"Q189","آيسلندا","আইসল্যান্ড","Island","Islandia","ایسلند","Islande","Ισλανδία","איסלנד","आइसलैण्ड","Izland","Islandia","Islanda","アイスランド","아이슬란드","IJsland","Islandia","Islândia","Исландия","Island","İzlanda","Ісландія","آئس لینڈ","Iceland","冰岛","冰島","Admin-0 country",NA,"Admin-0 country",NA,NA,NA,NA,NA,NA,NA,NA,NA,NA,NA,NA,NA,NA,NA,NA,NA,NA,NA,NA,NA,NA,NA,NA,NA,NA,NA,NA,NA,NA,NA,18.45,72.45,41.19,18.29,0.19,22.15,5.74,19.81,"Europe","Waking up","High","Liberal democracy"
"22","India","Admin-0 country",1,2,"India","IND",0,2,"Sovereign country","1","India","IND",0,"India","IND",0,"India","IND",0,"India","India","IND","India",NA,"India","IND","Republic of India",NA,"India",NA,NA,"India",NA,1,3,2,2,1366417754,18,2019,2868929,2019,"3. Emerging region: BRIC","4. Lower middle income","IN","IN","IN","IND","IND","356","356","356","IN","IND",23424848,23424848,"Exact WOE match as country","IND",NA,"IND","IND","IND","IND","IND","IND","IND","IND","IND","IND","IND","IND","IND","IND","IND","IND","IND","IND","IND","IND","IND","IND","IND","IND","IND","IND","IND","IND","IND","IND","IND","IND",-99,-99,"Asia","Asia","Southern Asia","South Asia",5,5,5,-99,1,0,1.7,6.7,79.358105,22.686852,1159320847,"Q668","الهند","ভারত","Indien","India","هند","Inde","Ινδία","הודו","भारत","India","India","India","インド","인도","India","Indie","Índia","Индия","Indien","Hindistan","Індія","بھارت","Ấn Độ","印度","印度","Admin-0 country",NA,"Admin-0 country",NA,NA,NA,NA,NA,NA,NA,NA,NA,NA,NA,NA,NA,NA,NA,NA,NA,NA,NA,NA,NA,NA,NA,NA,NA,NA,NA,NA,NA,NA,NA,45.27,33.91,77.3,18.92,30.86,58.83,7.39,30.36,"Asia-Pacific","Waking up","Lower middle","Electoral autocracy"
"23","Indonesia","Admin-0 country",3,2,"Indonesia","IDN",0,2,"Sovereign country","1","Indonesia","IDN",0,"Indonesia","IDN",0,"Indonesia","IDN",0,"Indonesia","Indonesia","IDN","Indonesia",NA,"Indo.","INDO","Republic of Indonesia",NA,"Indonesia",NA,NA,"Indonesia",NA,6,6,6,11,270625568,17,2019,1119190,2019,"4. Emerging region: MIKT","4. Lower middle income","ID","ID","ID","IDN","IDN","360","360","360","ID","IDN",23424846,23424846,"Exact WOE match as country","IDN",NA,"IDN","IDN","IDN","IDN","IDN","IDN","IDN","IDN","IDN","IDN","IDN","IDN","IDN","IDN","IDN","IDN","IDN","IDN","IDN","IDN","IDN","IDN","IDN","IDN","IDN","IDN","IDN","IDN","IDN","IDN","IDN","IDN",-99,-99,"Asia","Asia","South-Eastern Asia","East Asia & Pacific",9,9,5,-99,1,0,1.7,6.7,101.892949,-0.954404,1159320845,"Q252","إندونيسيا","ইন্দোনেশিয়া","Indonesien","Indonesia","اندونزی","Indonésie","Ινδονησία","אינדונזיה","इंडोनेशिया","Indonézia","Indonesia","Indonesia","インドネシア","인도네시아","Indonesië","Indonezja","Indonésia","Индонезия","Indonesien","Endonezya","Індонезія","انڈونیشیا","Indonesia","印度尼西亚","印度尼西亞","Admin-0 country",NA,"Admin-0 country",NA,NA,NA,NA,NA,NA,NA,NA,NA,NA,NA,NA,NA,NA,NA,NA,NA,NA,NA,NA,NA,NA,NA,NA,NA,NA,NA,NA,NA,NA,NA,5.51,47.52,51.18,0.98,3.52,59.99,0.91,11.47,"Asia-Pacific","Waking up","Lower middle","Electoral democracy"
"24","Ireland","Admin-0 country",4,3,"Ireland","IRL",0,2,"Sovereign country","1","Ireland","IRL",0,"Ireland","IRL",0,"Ireland","IRL",0,"Ireland","Ireland","IRL","Ireland",NA,"Ire.","IRL","Ireland",NA,"Ireland",NA,NA,"Ireland",NA,2,3,2,2,4941444,12,2019,388698,2019,"2. Developed region: nonG7","1. High income: OECD","EI","IE","IE","IRL","IRL","372","372","372","IE","IRL",23424803,23424803,"Exact WOE match as country","IRL",NA,"IRL","IRL","IRL","IRL","IRL","IRL","IRL","IRL","IRL","IRL","IRL","IRL","IRL","IRL","IRL","IRL","IRL","IRL","IRL","IRL","IRL","IRL","IRL","IRL","IRL","IRL","IRL","IRL","IRL","IRL","IRL","IRL",-99,-99,"Europe","Europe","Northern Europe","Europe & Central Asia",7,7,4,-99,1,0,3,8,-7.798588,53.078726,1159320877,"Q27","جمهورية أيرلندا","প্রজাতন্ত্রী আয়ারল্যান্ড","Irland","Irlanda","ایرلند","Irlande","Δημοκρατία της Ιρλανδίας","אירלנד","आयरलैण्ड","Írország","Republik Irlandia","Irlanda","アイルランド","아일랜드","Ierland","Irlandia","República da Irlanda","Ирландия","Irland","İrlanda","Ірландія","جمہوریہ آئرلینڈ","Cộng hòa Ireland","爱尔兰","愛爾蘭","Admin-0 country",NA,"Admin-0 country",NA,NA,NA,NA,NA,NA,NA,NA,NA,NA,NA,NA,NA,NA,NA,NA,NA,NA,NA,NA,NA,NA,NA,NA,NA,NA,NA,NA,NA,NA,NA,29.93,89.5,70.15,16.79,30.85,69.44,3.94,33.04,"Europe","Rising stars","High","Liberal democracy"
"25","Israel","Admin-0 country",1,4,"Israel","IS1",1,2,"Disputed","1","Israel","ISR",0,"Israel","ISR",0,"Israel","ISR",1,"Israel","Israel","ISR","Israel",NA,"Isr.","IS","State of Israel",NA,"Israel",NA,NA,"Israel",NA,3,2,5,9,9053300,13,2019,394652,2019,"2. Developed region: nonG7","1. High income: OECD","-99","IL","IL","ISR","ISR","376","376","376","IL","ISR",23424852,23424852,"Exact WOE match as country","ISR",NA,"ISR","ISR","ISR","ISR","ISR","ISR","ISR","ISR","ISR","PSX","ISR","ISR","ISR","ISR","ISR","PSX","ISR","ISR","ISR","ISR","ISR","ISR","ISR","ISR","ISR","ISR","ISR","ISR","ISR","ISR","PSX","ISR",-99,-99,"Asia","Asia","Western Asia","Middle East & North Africa",6,6,4,-99,1,0,3,8,34.847915,30.911148,1159320895,"Q801","إسرائيل","ইসরায়েল","Israel","Israel","اسرائیل","Israël","Ισραήλ","ישראל","इज़राइल","Izrael","Israel","Israele","イスラエル","이스라엘","Israël","Izrael","Israel","Израиль","Israel","İsrail","Ізраїль","اسرائیل","Israel","以色列","以色列","Admin-0 country",NA,"Admin-0 country",NA,NA,NA,NA,NA,NA,NA,NA,"Unrecognized",NA,NA,NA,NA,NA,"Unrecognized",NA,NA,NA,NA,NA,NA,NA,NA,NA,NA,NA,NA,NA,NA,"Unrecognized",NA,35.76,67.58,82.44,32.63,27.96,43.91,27.33,39.89,"Middle East","Rising stars","High","Liberal democracy"
"26","Italy","Admin-0 country",1,2,"Italy","ITA",0,2,"Sovereign country","1","Italy","ITA",0,"Italy","ITA",0,"Italy","ITA",0,"Italy","Italy","ITA","Italy",NA,"Italy","I","Italian Republic",NA,"Italy",NA,NA,"Italy",NA,6,7,8,7,60297396,16,2019,2003576,2019,"1. Developed region: G7","1. High income: OECD","IT","IT","IT","ITA","ITA","380","380","380","IT","ITA",23424853,23424853,"Exact WOE match as country","ITA",NA,"ITA","ITA","ITA","ITA","ITA","ITA","ITA","ITA","ITA","ITA","ITA","ITA","ITA","ITA","ITA","ITA","ITA","ITA","ITA","ITA","ITA","ITA","ITA","ITA","ITA","ITA","ITA","ITA","ITA","ITA","ITA","ITA",-99,-99,"Europe","Europe","Southern Europe","Europe & Central Asia",5,5,5,-99,1,0,2,7,11.076907,44.732482,1159320919,"Q38","إيطاليا","ইতালি","Italien","Italia","ایتالیا","Italie","Ιταλία","איטליה","इटली","Olaszország","Italia","Italia","イタリア","이탈리아","Italië","Włochy","Itália","Италия","Italien","İtalya","Італія","اطالیہ","Ý","意大利","義大利","Admin-0 country",NA,"Admin-0 country",NA,NA,NA,NA,NA,NA,NA,NA,NA,NA,NA,NA,NA,NA,NA,NA,NA,NA,NA,NA,NA,NA,NA,NA,NA,NA,NA,NA,NA,NA,NA,11.09,64.76,83.25,20.3,14.66,61.43,2.64,24.45,"Europe","Waking up","High","Liberal democracy"
"27","Japan","Admin-0 country",3,2,"Japan","JPN",0,2,"Sovereign country","1","Japan","JPN",0,"Japan","JPN",0,"Japan","JPN",0,"Japan","Japan","JPN","Japan",NA,"Japan","J","Japan",NA,"Japan",NA,NA,"Japan",NA,5,3,5,4,126264931,17,2019,5081769,2019,"1. Developed region: G7","1. High income: OECD","JA","JP","JP","JPN","JPN","392","392","392","JP","JPN",23424856,23424856,"Exact WOE match as country","JPN",NA,"JPN","JPN","JPN","JPN","JPN","JPN","JPN","JPN","JPN","JPN","JPN","JPN","JPN","JPN","JPN","JPN","JPN","JPN","JPN","JPN","JPN","JPN","JPN","JPN","JPN","JPN","JPN","JPN","JPN","JPN","JPN","JPN",-99,-99,"Asia","Asia","Eastern Asia","East Asia & Pacific",5,5,5,-99,1,0,1.7,7,138.44217,36.142538,1159320937,"Q17","اليابان","জাপান","Japan","Japón","ژاپن","Japon","Ιαπωνία","יפן","जापान","Japán","Jepang","Giappone","日本","일본","Japan","Japonia","Japão","Япония","Japan","Japonya","Японія","جاپان","Nhật Bản","日本","日本","Admin-0 country",NA,"Admin-0 country",NA,NA,NA,NA,NA,NA,NA,NA,NA,NA,NA,NA,NA,NA,NA,NA,NA,NA,NA,NA,NA,NA,NA,NA,NA,NA,NA,NA,NA,NA,NA,15.18,84.58,57.53,22.51,34.47,71.96,7.31,30.53,"Asia-Pacific","Rising stars","High","Liberal democracy"
"28","Kenya","Admin-0 country",4,2,"Kenya","KEN",0,2,"Sovereign country","1","Kenya","KEN",0,"Kenya","KEN",0,"Kenya","KEN",0,"Kenya","Kenya","KEN","Kenya",NA,"Ken.","KE","Republic of Kenya",NA,"Kenya",NA,NA,"Kenya",NA,5,2,7,3,52573973,16,2019,95503,2019,"5. Emerging region: G20","5. Low income","KE","KE","KE","KEN","KEN","404","404","404","KE","KEN",23424863,23424863,"Exact WOE match as country","KEN",NA,"KEN","KEN","KEN","KEN","KEN","KEN","KEN","KEN","KEN","KEN","KEN","KEN","KEN","KEN","KEN","KEN","KEN","KEN","KEN","KEN","KEN","KEN","KEN","KEN","KEN","KEN","KEN","KEN","KEN","KEN","KEN","KEN",-99,-99,"Africa","Africa","Eastern Africa","Sub-Saharan Africa",5,5,4,-99,1,0,1.7,6.7,37.907632,0.549043,1159320971,"Q114","كينيا","কেনিয়া","Kenia","Kenia","کنیا","Kenya","Κένυα","קניה","कीनिया","Kenya","Kenya","Kenya","ケニア","케냐","Kenia","Kenia","Quénia","Кения","Kenya","Kenya","Кенія","کینیا","Kenya","肯尼亚","肯亞","Admin-0 country",NA,"Admin-0 country",NA,NA,NA,NA,NA,NA,NA,NA,NA,NA,NA,NA,NA,NA,NA,NA,NA,NA,NA,NA,NA,NA,NA,NA,NA,NA,NA,NA,NA,NA,NA,0.75,14.11,29.84,0.07,12.15,7.75,0.31,2.3,"Africa","Nascent","Lower middle","Electoral autocracy"
"29","Lithuania","Admin-0 country",3,5,"Lithuania","LTU",0,2,"Sovereign country","1","Lithuania","LTU",0,"Lithuania","LTU",0,"Lithuania","LTU",0,"Lithuania","Lithuania","LTU","Lithuania",NA,"Lith.","LT","Republic of Lithuania",NA,"Lithuania",NA,NA,"Lithuania",NA,6,3,3,9,2786844,12,2019,54627,2019,"2. Developed region: nonG7","3. Upper middle income","LH","LT","LT","LTU","LTU","440","440","440","LT","LTU",23424875,23424875,"Exact WOE match as country","LTU",NA,"LTU","LTU","LTU","LTU","LTU","LTU","LTU","LTU","LTU","LTU","LTU","LTU","LTU","LTU","LTU","LTU","LTU","LTU","LTU","LTU","LTU","LTU","LTU","LTU","LTU","LTU","LTU","LTU","LTU","LTU","LTU","LTU",-99,-99,"Europe","Europe","Northern Europe","Europe & Central Asia",9,9,5,-99,1,0,4,9,24.089932,55.103703,1159321029,"Q37","ليتوانيا","লিথুয়ানিয়া","Litauen","Lituania","لیتوانی","Lituanie","Λιθουανία","ליטא","लिथुआनिया","Litvánia","Lituania","Lituania","リトアニア","리투아니아","Litouwen","Litwa","Lituânia","Литва","Litauen","Litvanya","Литва","لتھووینیا","Litva","立陶宛","立陶宛","Admin-0 country",NA,"Admin-0 country",NA,NA,NA,NA,NA,NA,NA,NA,NA,NA,NA,NA,NA,NA,NA,NA,NA,NA,NA,NA,NA,NA,NA,NA,NA,NA,NA,NA,NA,NA,NA,14.3,63.19,80.67,3.22,6.18,64.28,1.77,19.59,"Europe","Waking up","High","Electoral democracy"
"30","Luxembourg","Admin-0 country",1,6,"Luxembourg","LUX",0,2,"Sovereign country","1","Luxembourg","LUX",0,"Luxembourg","LUX",0,"Luxembourg","LUX",0,"Luxembourg","Luxembourg","LUX","Luxembourg",NA,"Lux.","L","Grand Duchy of Luxembourg",NA,"Luxembourg",NA,NA,"Luxembourg",NA,1,7,3,7,619896,11,2019,71104,2019,"2. Developed region: nonG7","1. High income: OECD","LU","LU","LU","LUX","LUX","442","442","442","LU","LUX",23424881,23424881,"Exact WOE match as country","LUX",NA,"LUX","LUX","LUX","LUX","LUX","LUX","LUX","LUX","LUX","LUX","LUX","LUX","LUX","LUX","LUX","LUX","LUX","LUX","LUX","LUX","LUX","LUX","LUX","LUX","LUX","LUX","LUX","LUX","LUX","LUX","LUX","LUX",-99,-99,"Europe","Europe","Western Europe","Europe & Central Asia",10,10,4,5,1,0,5.7,10,6.07762,49.733732,1159321031,"Q32","لوكسمبورغ","লুক্সেমবুর্গ","Luxemburg","Luxemburgo","لوکزامبورگ","Luxembourg","Λουξεμβούργο","לוקסמבורג","लक्ज़मबर्ग","Luxemburg","Luksemburg","Lussemburgo","ルクセンブルク","룩셈부르크","Luxemburg","Luksemburg","Luxemburgo","Люксембург","Luxemburg","Lüksemburg","Люксембург","لکسمبرگ","Luxembourg","卢森堡","盧森堡","Admin-0 country",NA,"Admin-0 country",NA,NA,NA,NA,NA,NA,NA,NA,NA,NA,NA,NA,NA,NA,NA,NA,NA,NA,NA,NA,NA,NA,NA,NA,NA,NA,NA,NA,NA,NA,NA,21.66,94.88,66.96,19.39,19.95,66.69,4.68,30.73,"Europe","Waking up","High","Liberal democracy"
"31","Malaysia","Admin-0 country",1,3,"Malaysia","MYS",0,2,"Sovereign country","1","Malaysia","MYS",0,"Malaysia","MYS",0,"Malaysia","MYS",0,"Malaysia","Malaysia","MYS","Malaysia",NA,"Malay.","MY","Malaysia",NA,"Malaysia",NA,NA,"Malaysia",NA,2,4,3,6,31949777,15,2019,364681,2019,"6. Developing region","3. Upper middle income","MY","MY","MY","MYS","MYS","458","458","458","MY","MYS",23424901,23424901,"Exact WOE match as country","MYS",NA,"MYS","MYS","MYS","MYS","MYS","MYS","MYS","MYS","MYS","MYS","MYS","MYS","MYS","MYS","MYS","MYS","MYS","MYS","MYS","MYS","MYS","MYS","MYS","MYS","MYS","MYS","MYS","MYS","MYS","MYS","MYS","MYS",-99,-99,"Asia","Asia","South-Eastern Asia","East Asia & Pacific",8,8,6,-99,1,0,3,8,113.83708,2.528667,1159321083,"Q833","ماليزيا","মালয়েশিয়া","Malaysia","Malasia","مالزی","Malaisie","Μαλαισία","מלזיה","मलेशिया","Malajzia","Malaysia","Malaysia","マレーシア","말레이시아","Maleisië","Malezja","Malásia","Малайзия","Malaysia","Malezya","Малайзія","ملائیشیا","Malaysia","马来西亚","馬來西亞","Admin-0 country",NA,"Admin-0 country",NA,NA,NA,NA,NA,NA,NA,NA,NA,NA,NA,NA,NA,NA,NA,NA,NA,NA,NA,NA,NA,NA,NA,NA,NA,NA,NA,NA,NA,NA,NA,10.44,62.04,73.24,5.57,0.88,47.6,0.63,16.66,"Asia-Pacific","Waking up","Upper middle","Electoral autocracy"
"32","Malta","Admin-0 country",3,5,"Malta","MLT",0,2,"Sovereign country","1","Malta","MLT",0,"Malta","MLT",0,"Malta","MLT",0,"Malta","Malta","MLT","Malta",NA,"Malta","M","Republic of Malta",NA,"Malta",NA,NA,"Malta",NA,1,4,1,8,502653,11,2019,14989,2019,"2. Developed region: nonG7","2. High income: nonOECD","MT","MT","MT","MLT","MLT","470","470","470","MT","MLT",23424897,23424897,"Exact WOE match as country","MLT",NA,"MLT","MLT","MLT","MLT","MLT","MLT","MLT","MLT","MLT","MLT","MLT","MLT","MLT","MLT","MLT","MLT","MLT","MLT","MLT","MLT","MLT","MLT","MLT","MLT","MLT","MLT","MLT","MLT","MLT","MLT","MLT","MLT",-99,-99,"Europe","Europe","Southern Europe","Middle East & North Africa",5,5,5,3,1,0,4,9,14.433005,35.892886,1159321065,"Q233","مالطا","মাল্টা","Malta","Malta","مالت","Malte","Μάλτα","מלטה","माल्टा","Málta","Malta","Malta","マルタ","몰타","Malta","Malta","Malta","Мальта","Malta","Malta","Мальта","مالٹا","Malta","马耳他","馬耳他","Admin-0 country",NA,"Admin-0 country",NA,NA,NA,NA,NA,NA,NA,NA,NA,NA,NA,NA,NA,NA,NA,NA,NA,NA,NA,NA,NA,NA,NA,NA,NA,NA,NA,NA,NA,NA,NA,15.87,67.12,70.96,5.96,11.72,70.49,4.3,21.85,"Europe","Waking up","High","Electoral democracy"
"33","Mexico","Admin-0 country",1,2,"Mexico","MEX",0,2,"Sovereign country","1","Mexico","MEX",0,"Mexico","MEX",0,"Mexico","MEX",0,"Mexico","Mexico","MEX","Mexico",NA,"Mex.","MX","United Mexican States",NA,"Mexico",NA,NA,"Mexico",NA,6,1,7,3,127575529,17,2019,1268870,2019,"4. Emerging region: MIKT","3. Upper middle income","MX","MX","MX","MEX","MEX","484","484","484","MX","MEX",23424900,23424900,"Exact WOE match as country","MEX",NA,"MEX","MEX","MEX","MEX","MEX","MEX","MEX","MEX","MEX","MEX","MEX","MEX","MEX","MEX","MEX","MEX","MEX","MEX","MEX","MEX","MEX","MEX","MEX","MEX","MEX","MEX","MEX","MEX","MEX","MEX","MEX","MEX",-99,-99,"North America","Americas","Central America","Latin America & Caribbean",6,6,4,-99,1,0,2,6.7,-102.289448,23.919988,1159321055,"Q96","المكسيك","মেক্সিকো","Mexiko","México","مکزیک","Mexique","Μεξικό","מקסיקו","मेक्सिको","Mexikó","Meksiko","Messico","メキシコ","멕시코","Mexico","Meksyk","México","Мексика","Mexiko","Meksika","Мексика","میکسیکو","México","墨西哥","墨西哥","Admin-0 country",NA,"Admin-0 country",NA,NA,NA,NA,NA,NA,NA,NA,NA,NA,NA,NA,NA,NA,NA,NA,NA,NA,NA,NA,NA,NA,NA,NA,NA,NA,NA,NA,NA,NA,NA,1.72,41.85,97.03,8.11,4.46,54.21,0.78,15.48,"Americas","Waking up","Upper middle","Electoral democracy"
"34","Morocco","Admin-0 country",1,3,"Morocco","MAR",0,2,"Sovereign country","1","Morocco","MAR",0,"Morocco","MAR",0,"Morocco","MAR",0,"Morocco","Morocco","MAR","Morocco",NA,"Mor.","MA","Kingdom of Morocco",NA,"Morocco",NA,NA,"Morocco",NA,2,2,3,9,36471769,15,2019,119700,2019,"6. Developing region","4. Lower middle income","MO","MA","MA","MAR","MAR","504","504","504","MA","MAR",23424893,23424893,"Exact WOE match as country","MAR",NA,"MAR","MAR","MAR","MAR","MAR","MAR","MAR","MAR","MAR","MAR","MAR","MAR","MAR","MAR","MAR","MAR","MAR","MAR","MAR","MAR","MAR","MAR","MAR","MAR","MAR","MAR","MAR","MAR","MAR","MAR","MAR","MAR",-99,-99,"Africa","Africa","Northern Africa","Middle East & North Africa",7,7,4,-99,1,0,2.7,8,-7.187296,31.650723,1159321035,"Q1028","المغرب","মরক্কো","Marokko","Marruecos","مراکش","Maroc","Μαρόκο","מרוקו","मोरक्को","Marokkó","Maroko","Marocco","モロッコ","모로코","Marokko","Maroko","Marrocos","Марокко","Marocko","Fas","Марокко","مراکش","Maroc","摩洛哥","摩洛哥","Admin-0 country",NA,"Admin-0 country",NA,NA,NA,NA,NA,NA,NA,NA,NA,NA,NA,NA,NA,NA,NA,NA,NA,NA,NA,NA,NA,NA,NA,NA,NA,NA,NA,NA,NA,NA,NA,3.36,44.88,60.17,1.46,0.05,15.9,0.1,8.87,"Africa","Waking up","Lower middle","Closed autocracy"
"35","Netherlands","Admin-0 country",1,5,"Netherlands","NL1",1,2,"Country","1","Netherlands","NLD",0,"Netherlands","NLD",0,"Netherlands","NLD",0,"Netherlands","Netherlands","NLD","Netherlands",NA,"Neth.","NL","Kingdom of the Netherlands",NA,"Netherlands",NA,NA,"Netherlands",NA,4,2,2,9,17332850,14,2019,907050,2019,"2. Developed region: nonG7","1. High income: OECD","NL","NL","NL","NLD","NLD","528","528","528","NL","NLD",-90,23424909,"Doesn't include new former units of Netherlands Antilles (24549811, 24549808, and 24549809)","NLD",NA,"NLD","NLD","NLD","NLD","NLD","NLD","NLD","NLD","NLD","NLD","NLD","NLD","NLD","NLD","NLD","NLD","NLD","NLD","NLD","NLD","NLD","NLD","NLD","NLD","NLD","NLD","NLD","NLD","NLD","NLD","NLD","NLD",-99,-99,"Europe","Europe","Western Europe","Europe & Central Asia",11,11,5,-99,1,0,4,10,5.61144,52.422211,1159321101,"Q55","هولندا","নেদারল্যান্ডস","Niederlande","Países Bajos","هلند","Pays-Bas","Ολλανδία","הולנד","नीदरलैण्ड","Hollandia","Belanda","Paesi Bassi","オランダ","네덜란드","Nederland","Holandia","Países Baixos","Нидерланды","Nederländerna","Hollanda","Нідерланди","نیدرلینڈز","Hà Lan","荷兰","荷蘭","Admin-0 country",NA,"Admin-0 country",NA,NA,NA,NA,NA,NA,NA,NA,NA,NA,NA,NA,NA,NA,NA,NA,NA,NA,NA,NA,NA,NA,NA,NA,NA,NA,NA,NA,NA,NA,NA,33.83,81.99,88.05,25.54,30.17,62.35,4.97,36.35,"Europe","Rising stars","High","Liberal democracy"
"36","New Zealand","Admin-0 country",1,2,"New Zealand","NZ1",1,2,"Country","1","New Zealand","NZL",0,"New Zealand","NZL",0,"New Zealand","NZL",0,"New Zealand","New Zealand","NZL","New Zealand",NA,"N.Z.","NZ","New Zealand",NA,"New Zealand",NA,NA,"New Zealand",NA,3,3,4,4,4917000,12,2019,206928,2019,"2. Developed region: nonG7","1. High income: OECD","NZ","NZ","NZ","NZL","NZL","554","554","554","NZ","NZL",23424916,23424916,"Exact WOE match as country","NZL",NA,"NZL","NZL","NZL","NZL","NZL","NZL","NZL","NZL","NZL","NZL","NZL","NZL","NZL","NZL","NZL","NZL","NZL","NZL","NZL","NZL","NZL","NZL","NZL","NZL","NZL","NZL","NZL","NZL","NZL","NZL","NZL","NZL",-99,-99,"Oceania","Oceania","Australia and New Zealand","East Asia & Pacific",11,11,4,-99,1,0,2,6.7,172.787,-39.759,1159321135,"Q664","نيوزيلندا","নিউজিল্যান্ড","Neuseeland","Nueva Zelanda","نیوزیلند","Nouvelle-Zélande","Νέα Ζηλανδία","ניו זילנד","न्यूज़ीलैण्ड","Új-Zéland","Selandia Baru","Nuova Zelanda","ニュージーランド","뉴질랜드","Nieuw-Zeeland","Nowa Zelandia","Nova Zelândia","Новая Зеландия","Nya Zeeland","Yeni Zelanda","Нова Зеландія","نیوزی لینڈ","New Zealand","新西兰","新西蘭","Admin-0 country",NA,"Admin-0 country",NA,NA,NA,NA,NA,NA,NA,NA,NA,NA,NA,NA,NA,NA,NA,NA,NA,NA,NA,NA,NA,NA,NA,NA,NA,NA,NA,NA,NA,NA,NA,23.3,69.78,90.35,12.23,5.96,47.62,2.49,24.88,"Asia-Pacific","Waking up","High","Liberal democracy"
"37","Nigeria","Admin-0 country",1,2,"Nigeria","NGA",0,2,"Sovereign country","1","Nigeria","NGA",0,"Nigeria","NGA",0,"Nigeria","NGA",0,"Nigeria","Nigeria","NGA","Nigeria",NA,"Nigeria","NG","Federal Republic of Nigeria",NA,"Nigeria",NA,NA,"Nigeria",NA,3,2,5,2,200963599,17,2019,448120,2019,"5. Emerging region: G20","4. Lower middle income","NI","NG","NG","NGA","NGA","566","566","566","NG","NGA",23424908,23424908,"Exact WOE match as country","NGA",NA,"NGA","NGA","NGA","NGA","NGA","NGA","NGA","NGA","NGA","NGA","NGA","NGA","NGA","NGA","NGA","NGA","NGA","NGA","NGA","NGA","NGA","NGA","NGA","NGA","NGA","NGA","NGA","NGA","NGA","NGA","NGA","NGA",-99,-99,"Africa","Africa","Western Africa","Sub-Saharan Africa",7,7,7,-99,1,0,1.7,6.7,7.50322,9.439799,1159321089,"Q1033","نيجيريا","নাইজেরিয়া","Nigeria","Nigeria","نیجریه","Nigeria","Νιγηρία","ניגריה","नाईजीरिया","Nigéria","Nigeria","Nigeria","ナイジェリア","나이지리아","Nigeria","Nigeria","Nigéria","Нигерия","Nigeria","Nijerya","Нігерія","نائجیریا","Nigeria","尼日利亚","奈及利亞","Admin-0 country",NA,"Admin-0 country",NA,NA,NA,NA,NA,NA,NA,NA,NA,NA,NA,NA,NA,NA,NA,NA,NA,NA,NA,NA,NA,NA,NA,NA,NA,NA,NA,NA,NA,NA,NA,2.74,0,50.1,0.45,2.06,7.75,0.33,1.38,"Africa","Nascent","Lower middle","Electoral autocracy"
"38","Norway","Admin-0 country",1,3,"Norway","NOR",0,2,"Sovereign country",NA,"Norway","NOR",0,"Norway","NOR",0,"Norway","NOR",0,"Norway","Norway","NOR","Norway",NA,"Nor.","N","Kingdom of Norway",NA,"Norway",NA,NA,"Norway",NA,5,3,8,12,5347896,13,2019,403336,2019,"2. Developed region: nonG7","1. High income: OECD","-99","-99","NO","-99","NOR","-99","578","-99","-99","-99",-90,23424910,"Does not include Svalbard, Jan Mayen, or Bouvet Islands (28289410).","NOR",NA,"NOR","NOR","NOR","NOR","NOR","NOR","NOR","NOR","NOR","NOR","NOR","NOR","NOR","NOR","NOR","NOR","NOR","NOR","NOR","NOR","NOR","NOR","NOR","NOR","NOR","NOR","NOR","NOR","NOR","NOR","NOR","NOR",-99,-99,"Europe","Europe","Northern Europe","Europe & Central Asia",6,6,4,-99,1,0,3,7,9.679975,61.357092,1159321109,"Q20","النرويج","নরওয়ে","Norwegen","Noruega","نروژ","Norvège","Νορβηγία","נורווגיה","नॉर्वे","Norvégia","Norwegia","Norvegia","ノルウェー","노르웨이","Noorwegen","Norwegia","Noruega","Норвегия","Norge","Norveç","Норвегія","ناروے","Na Uy","挪威","挪威","Unrecognized",NA,"Unrecognized",NA,NA,NA,NA,NA,NA,NA,NA,NA,NA,NA,NA,NA,NA,NA,NA,NA,NA,NA,NA,NA,NA,NA,NA,NA,NA,NA,NA,NA,NA,NA,27.61,76.2,36.65,21.18,13.56,59.05,3.95,25.77,"Europe","Waking up","High","Liberal democracy"
"39","Pakistan","Admin-0 country",1,2,"Pakistan","PAK",0,2,"Sovereign country","1","Pakistan","PAK",0,"Pakistan","PAK",0,"Pakistan","PAK",0,"Pakistan","Pakistan","PAK","Pakistan",NA,"Pak.","PK","Islamic Republic of Pakistan",NA,"Pakistan",NA,NA,"Pakistan",NA,2,2,3,11,216565318,17,2019,278221,2019,"5. Emerging region: G20","4. Lower middle income","PK","PK","PK","PAK","PAK","586","586","586","PK","PAK",23424922,23424922,"Exact WOE match as country","PAK",NA,"PAK","PAK","PAK","PAK","PAK","PAK","PAK","PAK","PAK","PAK","PAK","PAK","PAK","PAK","PAK","PAK","PAK","PAK","PAK","PAK","PAK","PAK","PAK","PAK","PAK","PAK","PAK","PAK","PAK","PAK","PAK","PAK",-99,-99,"Asia","Asia","Southern Asia","South Asia",8,8,4,-99,1,0,2.7,7,68.545632,29.328389,1159321153,"Q843","باكستان","পাকিস্তান","Pakistan","Pakistán","پاکستان","Pakistan","Πακιστάν","פקיסטן","पाकिस्तान","Pakisztán","Pakistan","Pakistan","パキスタン","파키스탄","Pakistan","Pakistan","Paquistão","Пакистан","Pakistan","Pakistan","Пакистан","پاکستان","Pakistan","巴基斯坦","巴基斯坦","Admin-0 country",NA,"Admin-0 country",NA,NA,NA,NA,NA,NA,NA,NA,NA,NA,NA,NA,NA,NA,NA,NA,NA,NA,NA,NA,NA,NA,NA,NA,NA,NA,NA,NA,NA,NA,NA,8,2.43,12.48,2.17,1.09,13.92,0.27,0,"Asia-Pacific","Nascent","Lower middle","Electoral autocracy"
"40","People's Republic of China","Admin-0 country",3,2,"China","CH1",1,2,"Country","1","China","CHN",0,"China","CHN",0,"China","CHN",0,"China","China","CHN","China",NA,"China","CN","People's Republic of China",NA,"China",NA,NA,"China",NA,4,4,4,3,1397715000,18,2019,14342903,2019,"3. Emerging region: BRIC","3. Upper middle income","CH","CN","CN","CHN","CHN","156","156","156","CN","CHN",23424781,23424781,"Exact WOE match as country","CHN",NA,"CHN","CHN","CHN","CHN","CHN","CHN","TWN","CHN","CHN","CHN","CHN","CHN","CHN","CHN","CHN","CHN","CHN","CHN","CHN","CHN","CHN","CHN","CHN","CHN","CHN","CHN","CHN","CHN","CHN","CHN","CHN","CHN",-99,-99,"Asia","Asia","Eastern Asia","East Asia & Pacific",5,5,5,-99,1,0,1.7,5.7,106.337289,32.498178,1159320471,"Q148","الصين","গণচীন","Volksrepublik China","China","جمهوری خلق چین","République populaire de Chine","Λαϊκή Δημοκρατία της Κίνας","הרפובליקה העממית של סין","चीनी जनवादी गणराज्य","Kína","Republik Rakyat Tiongkok","Cina","中華人民共和国","중화인민공화국","Volksrepubliek China","Chińska Republika Ludowa","China","Китайская Народная Республика","Kina","Çin Halk Cumhuriyeti","Китайська Народна Республіка","عوامی جمہوریہ چین","Trung Quốc","中华人民共和国","中華人民共和國","Admin-0 country",NA,"Admin-0 country",NA,NA,NA,NA,NA,"Unrecognized",NA,NA,NA,NA,NA,NA,NA,NA,NA,NA,NA,NA,NA,NA,NA,NA,NA,NA,NA,NA,NA,NA,NA,NA,NA,16.51,100,91.57,71.42,79.97,94.87,44.02,62.92,"Asia-Pacific","Power players","Upper middle","Closed autocracy"
"41","Poland","Admin-0 country",1,3,"Poland","POL",0,2,"Sovereign country","1","Poland","POL",0,"Poland","POL",0,"Poland","POL",0,"Poland","Poland","POL","Poland",NA,"Pol.","PL","Republic of Poland",NA,"Poland",NA,NA,"Poland",NA,3,7,1,2,37970874,15,2019,595858,2019,"2. Developed region: nonG7","1. High income: OECD","PL","PL","PL","POL","POL","616","616","616","PL","POL",23424923,23424923,"Exact WOE match as country","POL",NA,"POL","POL","POL","POL","POL","POL","POL","POL","POL","POL","POL","POL","POL","POL","POL","POL","POL","POL","POL","POL","POL","POL","POL","POL","POL","POL","POL","POL","POL","POL","POL","POL",-99,-99,"Europe","Europe","Eastern Europe","Europe & Central Asia",6,6,4,-99,1,0,2.5,7,19.490468,51.990316,1159321179,"Q36","بولندا","পোল্যান্ড","Polen","Polonia","لهستان","Pologne","Πολωνία","פולין","पोलैंड","Lengyelország","Polandia","Polonia","ポーランド","폴란드","Polen","Polska","Polónia","Польша","Polen","Polonya","Польща","پولینڈ","Ba Lan","波兰","波蘭","Admin-0 country",NA,"Admin-0 country",NA,NA,NA,NA,NA,NA,NA,NA,NA,NA,NA,NA,NA,NA,NA,NA,NA,NA,NA,NA,NA,NA,NA,NA,NA,NA,NA,NA,NA,NA,NA,14.21,70.96,99.56,10.6,9.09,78.14,2.25,25.2,"Europe","Waking up","High","Electoral democracy"
"42","Portugal","Admin-0 country",3,2,"Portugal","PRT",0,2,"Sovereign country","1","Portugal","PRT",0,"Portugal","PRT",1,"Portugal","PR1",0,"Portugal","Portugal","PR1","Portugal",NA,"Port.","P","Portuguese Republic",NA,"Portugal",NA,NA,"Portugal",NA,1,7,1,4,10269417,14,2019,238785,2019,"2. Developed region: nonG7","1. High income: OECD","PO","PT","PT","PRT","PRT","620","620","620","PT","PRT",23424925,23424925,"Exact WOE match as country","PR1",NA,"PR1","PRT","PRT","PRT","PRT","PRT","PRT","PRT","PRT","PRT","PRT","PRT","PRT","PRT","PRT","PRT","PRT","PRT","PRT","PRT","PRT","PRT","PRT","PRT","PRT","PRT","PRT","PRT","PRT","PRT","PRT","PRT",-99,-99,"Europe","Europe","Southern Europe","Europe & Central Asia",8,8,5,-99,1,0,3,8,-8.271754,39.606675,1159321187,"Q45","البرتغال","পর্তুগাল","Portugal","Portugal","پرتغال","Portugal","Πορτογαλία","פורטוגל","पुर्तगाल","Portugália","Portugal","Portogallo","ポルトガル","포르투갈","Portugal","Portugalia","Portugal","Португалия","Portugal","Portekiz","Португалія","پرتگال","Bồ Đào Nha","葡萄牙","葡萄牙","Admin-0 country",NA,"Admin-0 country",NA,NA,NA,NA,NA,NA,NA,NA,NA,NA,NA,NA,NA,NA,NA,NA,NA,NA,NA,NA,NA,NA,NA,NA,NA,NA,NA,NA,NA,NA,NA,13.43,64.2,80.66,8.96,3.92,70.69,2.05,20.89,"Europe","Waking up","High","Electoral democracy"
"43","Qatar","Admin-0 country",1,5,"Qatar","QAT",0,2,"Sovereign country","1","Qatar","QAT",0,"Qatar","QAT",0,"Qatar","QAT",0,"Qatar","Qatar","QAT","Qatar",NA,"Qatar","QA","State of Qatar",NA,"Qatar",NA,NA,"Qatar",NA,3,6,2,4,2832067,12,2019,175837,2019,"6. Developing region","2. High income: nonOECD","QA","QA","QA","QAT","QAT","634","634","634","QA","QAT",23424930,23424930,"Exact WOE match as country","QAT",NA,"QAT","QAT","QAT","QAT","QAT","QAT","QAT","QAT","QAT","QAT","QAT","QAT","QAT","QAT","QAT","QAT","QAT","QAT","QAT","QAT","QAT","QAT","QAT","QAT","QAT","QAT","QAT","QAT","QAT","QAT","QAT","QAT",-99,-99,"Asia","Asia","Western Asia","Middle East & North Africa",5,5,5,-99,1,0,4,9,51.143509,25.237383,1159321197,"Q846","قطر","কাতার","Katar","Catar","قطر","Qatar","Κατάρ","קטר","क़तर","Katar","Qatar","Qatar","カタール","카타르","Qatar","Katar","Catar","Катар","Qatar","Katar","Катар","قطر","Qatar","卡塔尔","卡達","Admin-0 country",NA,"Admin-0 country",NA,NA,NA,NA,NA,NA,NA,NA,NA,NA,NA,NA,NA,NA,NA,NA,NA,NA,NA,NA,NA,NA,NA,NA,NA,NA,NA,NA,NA,NA,NA,0,67.97,62.58,11.94,0,33.49,0,14.66,"Middle East","Waking up","High","Closed autocracy"
"44","Russia","Admin-0 country",5,2,"Russia","RUS",0,2,"Sovereign country","1","Russia","RUS",0,"Russia","RUS",0,"Russia","RUS",0,"Russia","Russian Federation","RUS","Russia",NA,"Rus.","RUS","Russian Federation",NA,"Russia",NA,NA,"Russian Federation",NA,2,5,7,7,144373535,17,2019,1699876,2019,"3. Emerging region: BRIC","3. Upper middle income","RS","RU","RU","RUS","RUS","643","643","643","RU","RUS",23424936,23424936,"Exact WOE match as country","RUS",NA,"RUS","RUS","RUS","RUS","RUS","RUS","RUS","RUS","RUS","RUS","RUS","RUS","RUS","RUS","RUS","RUS","RUS","RUS","RUS","RUS","RUS","RUS","RUS","RUS","RUS","RUS","RUS","RUS","RUS","RUS","RUS","RUS",-99,-99,"Europe","Europe","Eastern Europe","Europe & Central Asia",6,18,4,-99,1,0,1.7,5.2,44.686469,58.249357,1159321201,"Q159","روسيا","রাশিয়া","Russland","Rusia","روسیه","Russie","Ρωσία","רוסיה","रूस","Oroszország","Rusia","Russia","ロシア","러시아","Rusland","Rosja","Rússia","Россия","Ryssland","Rusya","Росія","روس","Nga","俄罗斯","俄羅斯","Admin-0 country",NA,"Admin-0 country",NA,NA,NA,NA,NA,NA,NA,NA,NA,NA,NA,NA,NA,NA,NA,NA,NA,NA,NA,NA,NA,NA,NA,NA,NA,NA,NA,NA,NA,NA,NA,12.46,62.59,52.85,14.21,19.48,90.4,1.38,21.99,"Europe","Waking up","Upper middle","Electoral autocracy"
"45","Saudi Arabia","Admin-0 country",4,2,"Saudi Arabia","SAU",0,2,"Sovereign country","1","Saudi Arabia","SAU",0,"Saudi Arabia","SAU",0,"Saudi Arabia","SAU",0,"Saudi Arabia","Saudi Arabia","SAU","Saudi Arabia",NA,"Saud.","SA","Kingdom of Saudi Arabia",NA,"Saudi Arabia",NA,NA,"Saudi Arabia",NA,6,1,6,7,34268528,15,2019,792966,2019,"2. Developed region: nonG7","2. High income: nonOECD","SA","SA","SA","SAU","SAU","682","682","682","SA","SAU",23424938,23424938,"Exact WOE match as country","SAU",NA,"SAU","SAU","SAU","SAU","SAU","SAU","SAU","SAU","SAU","SAU","SAU","SAU","SAU","SAU","SAU","SAU","SAU","SAU","SAU","SAU","SAU","SAU","SAU","SAU","SAU","SAU","SAU","SAU","SAU","SAU","SAU","SAU",-99,-99,"Asia","Asia","Western Asia","Middle East & North Africa",12,12,5,-99,1,0,1.7,7,44.6996,23.806908,1159321225,"Q851","السعودية","সৌদি আরব","Saudi-Arabien","Arabia Saudita","عربستان سعودی","Arabie saoudite","Σαουδική Αραβία","ערב הסעודית","सउदी अरब","Szaúd-Arábia","Arab Saudi","Arabia Saudita","サウジアラビア","사우디아라비아","Saoedi-Arabië","Arabia Saudyjska","Arábia Saudita","Саудовская Аравия","Saudiarabien","Suudi Arabistan","Саудівська Аравія","سعودی عرب","Ả Rập Saudi","沙特阿拉伯","沙烏地阿拉伯","Admin-0 country",NA,"Admin-0 country",NA,NA,NA,NA,NA,NA,NA,NA,NA,NA,NA,NA,NA,NA,NA,NA,NA,NA,NA,NA,NA,NA,NA,NA,NA,NA,NA,NA,NA,NA,NA,4.49,70.8,100,13.63,14.38,91.63,4.73,25.6,"Middle East","Waking up","High","Closed autocracy"
"46","Singapore","Admin-0 country",3,6,"Singapore","SGP",0,2,"Sovereign country","1","Singapore","SGP",0,"Singapore","SGP",0,"Singapore","SGP",0,"Singapore","Singapore","SGP","Singapore",NA,"Sing.","SG","Republic of Singapore",NA,"Singapore",NA,NA,"Singapore",NA,5,3,7,3,5703569,13,2019,372062,2019,"6. Developing region","2. High income: nonOECD","SN","SG","SG","SGP","SGP","702","702","702","SG","SGP",23424948,23424948,"Exact WOE match as country","SGP",NA,"SGP","SGP","SGP","SGP","SGP","SGP","SGP","SGP","SGP","SGP","SGP","SGP","SGP","SGP","SGP","SGP","SGP","SGP","SGP","SGP","SGP","SGP","SGP","SGP","SGP","SGP","SGP","SGP","SGP","SGP","SGP","SGP",-99,-99,"Asia","Asia","South-Eastern Asia","East Asia & Pacific",9,9,5,3,1,0,4,9,103.816925,1.366587,1159321247,"Q334","سنغافورة","সিঙ্গাপুর","Singapur","Singapur","سنگاپور","Singapour","Σιγκαπούρη","סינגפור","सिंगापुर","Szingapúr","Singapura","Singapore","シンガポール","싱가포르","Singapore","Singapur","Singapura","Сингапур","Singapore","Singapur","Сінгапур","سنگاپور","Singapore","新加坡","新加坡","Admin-0 country",NA,"Admin-0 country",NA,NA,NA,NA,NA,NA,NA,NA,NA,NA,NA,NA,NA,NA,NA,NA,NA,NA,NA,NA,NA,NA,NA,NA,NA,NA,NA,NA,NA,NA,NA,39.38,84.3,43.15,37.67,22.55,79.82,15.07,38.67,"Asia-Pacific","Rising stars","High","Electoral democracy"
"47","Slovakia","Admin-0 country",1,6,"Slovakia","SVK",0,2,"Sovereign country","1","Slovakia","SVK",0,"Slovakia","SVK",0,"Slovakia","SVK",0,"Slovakia","Slovakia","SVK","Slovakia",NA,"Svk.","SK","Slovak Republic",NA,"Slovakia",NA,NA,"Slovak Republic",NA,2,4,4,9,5454073,13,2019,105079,2019,"2. Developed region: nonG7","1. High income: OECD","LO","SK","SK","SVK","SVK","703","703","703","SK","SVK",23424877,23424877,"Exact WOE match as country","SVK",NA,"SVK","SVK","SVK","SVK","SVK","SVK","SVK","SVK","SVK","SVK","SVK","SVK","SVK","SVK","SVK","SVK","SVK","SVK","SVK","SVK","SVK","SVK","SVK","SVK","SVK","SVK","SVK","SVK","SVK","SVK","SVK","SVK",-99,-99,"Europe","Europe","Eastern Europe","Europe & Central Asia",8,8,4,-99,1,0,4,9,19.049868,48.734044,1159321283,"Q214","سلوفاكيا","স্লোভাকিয়া","Slowakei","Eslovaquia","اسلواکی","Slovaquie","Σλοβακία","סלובקיה","स्लोवाकिया","Szlovákia","Slowakia","Slovacchia","スロバキア","슬로바키아","Slowakije","Słowacja","Eslováquia","Словакия","Slovakien","Slovakya","Словаччина","سلوواکیہ","Slovakia","斯洛伐克","斯洛伐克","Admin-0 country",NA,"Admin-0 country",NA,NA,NA,NA,NA,NA,NA,NA,NA,NA,NA,NA,NA,NA,NA,NA,NA,NA,NA,NA,NA,NA,NA,NA,NA,NA,NA,NA,NA,NA,NA,8.55,65.36,88.71,2.97,0.34,43.07,0.67,17.24,"Europe","Waking up","High","Electoral democracy"
"48","Slovenia","Admin-0 country",1,6,"Slovenia","SVN",0,2,"Sovereign country","1","Slovenia","SVN",0,"Slovenia","SVN",0,"Slovenia","SVN",0,"Slovenia","Slovenia","SVN","Slovenia",NA,"Slo.","SLO","Republic of Slovenia",NA,"Slovenia",NA,NA,"Slovenia",NA,2,3,2,12,2087946,12,2019,54174,2019,"2. Developed region: nonG7","1. High income: OECD","SI","SI","SI","SVN","SVN","705","705","705","SI","SVN",23424945,23424945,"Exact WOE match as country","SVN",NA,"SVN","SVN","SVN","SVN","SVN","SVN","SVN","SVN","SVN","SVN","SVN","SVN","SVN","SVN","SVN","SVN","SVN","SVN","SVN","SVN","SVN","SVN","SVN","SVN","SVN","SVN","SVN","SVN","SVN","SVN","SVN","SVN",-99,-99,"Europe","Europe","Southern Europe","Europe & Central Asia",8,8,4,-99,1,0,5,10,14.915312,46.06076,1159321285,"Q215","سلوفينيا","স্লোভেনিয়া","Slowenien","Eslovenia","اسلوونی","Slovénie","Σλοβενία","סלובניה","स्लोवेनिया","Szlovénia","Slovenia","Slovenia","スロベニア","슬로베니아","Slovenië","Słowenia","Eslovénia","Словения","Slovenien","Slovenya","Словенія","سلووینیا","Slovenia","斯洛文尼亚","斯洛維尼亞","Admin-0 country",NA,"Admin-0 country",NA,NA,NA,NA,NA,NA,NA,NA,NA,NA,NA,NA,NA,NA,NA,NA,NA,NA,NA,NA,NA,NA,NA,NA,NA,NA,NA,NA,NA,NA,NA,13.02,72.06,94.55,19.1,1.06,80.38,0.61,25.19,"Europe","Waking up","High","Electoral democracy"
"49","South Africa","Admin-0 country",1,2,"South Africa","ZAF",0,2,"Sovereign country","1","South Africa","ZAF",0,"South Africa","ZAF",0,"South Africa","ZAF",0,"South Africa","South Africa","ZAF","South Africa",NA,"S.Af.","ZA","Republic of South Africa",NA,"South Africa",NA,NA,"South Africa",NA,2,3,4,2,58558270,16,2019,351431,2019,"5. Emerging region: G20","3. Upper middle income","SF","ZA","ZA","ZAF","ZAF","710","710","710","ZA","ZAF",23424942,23424942,"Exact WOE match as country","ZAF",NA,"ZAF","ZAF","ZAF","ZAF","ZAF","ZAF","ZAF","ZAF","ZAF","ZAF","ZAF","ZAF","ZAF","ZAF","ZAF","ZAF","ZAF","ZAF","ZAF","ZAF","ZAF","ZAF","ZAF","ZAF","ZAF","ZAF","ZAF","ZAF","ZAF","ZAF","ZAF","ZAF",-99,-99,"Africa","Africa","Southern Africa","Sub-Saharan Africa",12,12,5,-99,1,0,1.7,6.7,23.665734,-29.708776,1159321431,"Q258","جنوب أفريقيا","দক্ষিণ আফ্রিকা","Südafrika","Sudáfrica","آفریقای جنوبی","Afrique du Sud","Νότια Αφρική","דרום אפריקה","दक्षिण अफ़्रीका","Dél-afrikai Köztársaság","Afrika Selatan","Sudafrica","南アフリカ共和国","남아프리카 공화국","Zuid-Afrika","Południowa Afryka","África do Sul","ЮАР","Sydafrika","Güney Afrika Cumhuriyeti","Південно-Африканська Республіка","جنوبی افریقا","Cộng hòa Nam Phi","南非","南非","Admin-0 country",NA,"Admin-0 country",NA,NA,NA,NA,NA,NA,NA,NA,NA,NA,NA,NA,NA,NA,NA,NA,NA,NA,NA,NA,NA,NA,NA,NA,NA,NA,NA,NA,NA,NA,NA,4.61,45.73,58.43,0.83,7.52,0,2.03,9.71,"Africa","Waking up","Upper middle","Electoral democracy"
"50","South Korea","Admin-0 country",1,2,"South Korea","KOR",0,2,"Sovereign country","1","South Korea","KOR",0,"South Korea","KOR",0,"South Korea","KOR",0,"South Korea","Republic of Korea","KOR","Republic of Korea",NA,"S.K.","KR","Republic of Korea",NA,"Korea, South",NA,NA,"Korea, Rep.",NA,4,1,1,5,51709098,16,2019,1646739,2019,"4. Emerging region: MIKT","1. High income: OECD","KS","KR","KR","KOR","KOR","410","410","410","KR","KOR",23424868,23424868,"Exact WOE match as country","KOR",NA,"KOR","KOR","KOR","KOR","KOR","KOR","KOR","KOR","KOR","KOR","KOR","KOR","KOR","KOR","KOR","KOR","KOR","KOR","KOR","KOR","KOR","KOR","KOR","KOR","KOR","KOR","KOR","KOR","KOR","KOR","KOR","KOR",-99,-99,"Asia","Asia","Eastern Asia","East Asia & Pacific",11,17,4,-99,1,0,2.5,7,128.129504,36.384924,1159320985,"Q884","كوريا الجنوبية","দক্ষিণ কোরিয়া","Südkorea","Corea del Sur","کره جنوبی","Corée du Sud","Νότια Κορέα","קוריאה הדרומית","दक्षिण कोरिया","Dél-Korea","Korea Selatan","Corea del Sud","大韓民国","대한민국","Zuid-Korea","Korea Południowa","Coreia do Sul","Республика Корея","Sydkorea","Güney Kore","Південна Корея","جنوبی کوریا","Hàn Quốc","大韩民国","大韓民國","Admin-0 country",NA,"Admin-0 country",NA,NA,NA,NA,NA,NA,NA,NA,NA,NA,NA,NA,NA,NA,NA,NA,NA,NA,NA,NA,NA,NA,NA,NA,NA,NA,NA,NA,NA,NA,NA,14.54,85.23,68.86,26.66,77.25,87.5,5.41,38.6,"Asia-Pacific","Rising stars","High","Liberal democracy"
"51","Spain","Admin-0 country",4,2,"Spain","ESP",0,2,"Sovereign country","1","Spain","ESP",0,"Spain","ESP",0,"Spain","ESP",0,"Spain","Spain","ESP","Spain",NA,"Sp.","E","Kingdom of Spain",NA,"Spain",NA,NA,"Spain",NA,4,5,5,5,47076781,15,2019,1393490,2019,"2. Developed region: nonG7","1. High income: OECD","SP","ES","ES","ESP","ESP","724","724","724","ES","ESP",23424950,23424950,"Exact WOE match as country","ESP",NA,"ESP","ESP","ESP","ESP","ESP","ESP","ESP","ESP","ESP","ESP","ESP","ESP","ESP","ESP","ESP","ESP","ESP","ESP","ESP","ESP","ESP","ESP","ESP","ESP","ESP","ESP","ESP","ESP","ESP","ESP","ESP","ESP",-99,-99,"Europe","Europe","Southern Europe","Europe & Central Asia",5,5,3,-99,1,0,2,7,-3.464718,40.090953,1159320587,"Q29","إسبانيا","স্পেন","Spanien","España","اسپانیا","Espagne","Ισπανία","ספרד","स्पेन","Spanyolország","Spanyol","Spagna","スペイン","스페인","Spanje","Hiszpania","Espanha","Испания","Spanien","İspanya","Іспанія","ہسپانیہ","Tây Ban Nha","西班牙","西班牙","Admin-0 country",NA,"Admin-0 country",NA,NA,NA,NA,NA,NA,NA,NA,NA,NA,NA,NA,NA,NA,NA,NA,NA,NA,NA,NA,NA,NA,NA,NA,NA,NA,NA,NA,NA,NA,NA,17.61,73.32,75.36,18.6,10.87,91.28,3.08,26.95,"Europe","Rising stars","High","Liberal democracy"
"52","Sri Lanka","Admin-0 country",4,3,"Sri Lanka","LKA",0,2,"Sovereign country","1","Sri Lanka","LKA",0,"Sri Lanka","LKA",0,"Sri Lanka","LKA",0,"Sri Lanka","Sri Lanka","LKA","Sri Lanka",NA,"Sri L.","LK","Democratic Socialist Republic of Sri Lanka",NA,"Sri Lanka",NA,NA,"Sri Lanka",NA,3,5,4,9,21803000,15,2019,84008,2019,"6. Developing region","4. Lower middle income","CE","LK","LK","LKA","LKA","144","144","144","LK","LKA",23424778,23424778,"Exact WOE match as country","LKA",NA,"LKA","LKA","LKA","LKA","LKA","LKA","LKA","LKA","LKA","LKA","LKA","LKA","LKA","LKA","LKA","LKA","LKA","LKA","LKA","LKA","LKA","LKA","LKA","LKA","LKA","LKA","LKA","LKA","LKA","LKA","LKA","LKA",-99,-99,"Asia","Asia","Southern Asia","South Asia",9,9,6,-99,1,0,3,8,80.704823,7.581097,1159321025,"Q854","سريلانكا","শ্রীলঙ্কা","Sri Lanka","Sri Lanka","سریلانکا","Sri Lanka","Σρι Λάνκα","סרי לנקה","श्रीलंका","Srí Lanka","Sri Lanka","Sri Lanka","スリランカ","스리랑카","Sri Lanka","Sri Lanka","Sri Lanka","Шри-Ланка","Sri Lanka","Sri Lanka","Шрі-Ланка","سری لنکا","Sri Lanka","斯里兰卡","斯里蘭卡","Admin-0 country",NA,"Admin-0 country",NA,NA,NA,NA,NA,NA,NA,NA,NA,NA,NA,NA,NA,NA,NA,NA,NA,NA,NA,NA,NA,NA,NA,NA,NA,NA,NA,NA,NA,NA,NA,6.27,34.64,35.79,0.12,0.95,35.57,0.09,6.62,"Asia-Pacific","Nascent","Lower middle","Electoral democracy"
"53","Sweden","Admin-0 country",3,3,"Sweden","SWE",0,2,"Sovereign country","1","Sweden","SWE",0,"Sweden","SWE",0,"Sweden","SWE",0,"Sweden","Sweden","SWE","Sweden",NA,"Swe.","S","Kingdom of Sweden",NA,"Sweden",NA,NA,"Sweden",NA,1,4,2,4,10285453,14,2019,530883,2019,"2. Developed region: nonG7","1. High income: OECD","SW","SE","SE","SWE","SWE","752","752","752","SE","SWE",23424954,23424954,"Exact WOE match as country","SWE",NA,"SWE","SWE","SWE","SWE","SWE","SWE","SWE","SWE","SWE","SWE","SWE","SWE","SWE","SWE","SWE","SWE","SWE","SWE","SWE","SWE","SWE","SWE","SWE","SWE","SWE","SWE","SWE","SWE","SWE","SWE","SWE","SWE",-99,-99,"Europe","Europe","Northern Europe","Europe & Central Asia",6,6,4,-99,1,0,2,7,19.01705,65.85918,1159321287,"Q34","السويد","সুইডেন","Schweden","Suecia","سوئد","Suède","Σουηδία","שוודיה","स्वीडन","Svédország","Swedia","Svezia","スウェーデン","스웨덴","Zweden","Szwecja","Suécia","Швеция","Sverige","İsveç","Швеція","سویڈن","Thụy Điển","瑞典","瑞典","Admin-0 country",NA,"Admin-0 country",NA,NA,NA,NA,NA,NA,NA,NA,NA,NA,NA,NA,NA,NA,NA,NA,NA,NA,NA,NA,NA,NA,NA,NA,NA,NA,NA,NA,NA,NA,NA,28.21,75.19,66.77,27.61,17.81,40.35,4.51,29.85,"Europe","Waking up","High","Liberal democracy"
"54","Switzerland","Admin-0 country",1,4,"Switzerland","CHE",0,2,"Sovereign country","1","Switzerland","CHE",0,"Switzerland","CHE",0,"Switzerland","CHE",0,"Switzerland","Switzerland","CHE","Switzerland",NA,"Switz.","CH","Swiss Confederation",NA,"Switzerland",NA,NA,"Switzerland",NA,5,2,7,3,8574832,13,2019,703082,2019,"2. Developed region: nonG7","1. High income: OECD","SZ","CH","CH","CHE","CHE","756","756","756","CH","CHE",23424957,23424957,"Exact WOE match as country","CHE",NA,"CHE","CHE","CHE","CHE","CHE","CHE","CHE","CHE","CHE","CHE","CHE","CHE","CHE","CHE","CHE","CHE","CHE","CHE","CHE","CHE","CHE","CHE","CHE","CHE","CHE","CHE","CHE","CHE","CHE","CHE","CHE","CHE",-99,-99,"Europe","Europe","Western Europe","Europe & Central Asia",11,11,6,-99,1,0,4,9,7.463965,46.719114,1159320491,"Q39","سويسرا","সুইজারল্যান্ড","Schweiz","Suiza","سوئیس","Suisse","Ελβετία","שווייץ","स्विट्ज़रलैण्ड","Svájc","Swiss","Svizzera","スイス","스위스","Zwitserland","Szwajcaria","Suíça","Швейцария","Schweiz","İsviçre","Швейцарія","سویٹزرلینڈ","Thụy Sĩ","瑞士","瑞士","Admin-0 country",NA,"Admin-0 country",NA,NA,NA,NA,NA,NA,NA,NA,NA,NA,NA,NA,NA,NA,NA,NA,NA,NA,NA,NA,NA,NA,NA,NA,NA,NA,NA,NA,NA,NA,NA,25.63,78.43,44.14,38.24,23.11,12.18,7.76,30.25,"Europe","Rising stars","High","Liberal democracy"
"55","Taiwan","Admin-0 country",1,3,"Taiwan","TWN",0,2,"Sovereign country","1","Taiwan","TWN",0,"Taiwan","TWN",0,"Taiwan","TWN",0,"Taiwan","Taiwan","TWN","Taiwan",NA,"Taiwan","TW",NA,NA,"Taiwan",NA,"Self admin.; Claimed by China","Taiwan",NA,1,5,7,2,23568378,15,2020,1127000,2016,"2. Developed region: nonG7","2. High income: nonOECD","TW","CN-TW","TW","TWN","TWN","158","158","-099","-99","-99",23424971,23424971,"Exact WOE match as country","TWN",NA,"TWN","TWN","TWN","CHN","TWN","CHN","TWN","TWN","CHN","CHN","TWN","TWN","TWN","TWN","TWN","TWN","CHN","CHN","TWN","TWN","TWN","TWN","TWN","TWN","CHN","TWN","TWN","TWN","TWN","TWN","CHN","TWN",-99,-99,"Asia","Asia","Eastern Asia","East Asia & Pacific",6,6,6,-99,1,0,4.5,8,120.868204,23.652408,1159321335,"Q865","تايوان","তাইওয়ান","Republik China","República de China","تایوان","Taïwan","Δημοκρατία της Κίνας","טאיוואן","चीनी गणराज्य","Kínai Köztársaság","Taiwan","Taiwan","中華民国","중화민국","Taiwan","Republika Chińska","Taiwan","Тайвань","Taiwan","Çin Cumhuriyeti","Республіка Китай","تائیوان","Đài Loan","中华民国","中華民國","Admin-1 states provinces","1","Admin-0 country",NA,NA,NA,NA,"Admin-1 states provinces","Admin-0 country",NA,"Admin-1 states provinces",NA,NA,NA,NA,NA,NA,NA,"Admin-1 states provinces","Admin-1 states provinces",NA,NA,NA,NA,NA,NA,"Admin-1 states provinces",NA,NA,NA,NA,NA,"Admin-1 states provinces",NA,12.34,77.86,56.67,25.71,19.99,55.97,2.53,25.79,"Asia-Pacific","Waking up","High","Liberal democracy"
"56","Tunisia","Admin-0 country",1,3,"Tunisia","TUN",0,2,"Sovereign country","1","Tunisia","TUN",0,"Tunisia","TUN",0,"Tunisia","TUN",0,"Tunisia","Tunisia","TUN","Tunisia",NA,"Tun.","TN","Republic of Tunisia",NA,"Tunisia",NA,NA,"Tunisia",NA,4,3,3,2,11694719,14,2019,38796,2019,"6. Developing region","3. Upper middle income","TS","TN","TN","TUN","TUN","788","788","788","TN","TUN",23424967,23424967,"Exact WOE match as country","TUN",NA,"TUN","TUN","TUN","TUN","TUN","TUN","TUN","TUN","TUN","TUN","TUN","TUN","TUN","TUN","TUN","TUN","TUN","TUN","TUN","TUN","TUN","TUN","TUN","TUN","TUN","TUN","TUN","TUN","TUN","TUN","TUN","TUN",-99,-99,"Africa","Africa","Northern Africa","Middle East & North Africa",7,7,4,-99,1,0,3,8,9.007881,33.687263,1159321327,"Q948","تونس","তিউনিসিয়া","Tunesien","Túnez","تونس","Tunisie","Τυνησία","תוניסיה","ट्यूनिशिया","Tunézia","Tunisia","Tunisia","チュニジア","튀니지","Tunesië","Tunezja","Tunísia","Тунис","Tunisien","Tunus","Туніс","تونس","Tuy-ni-di","突尼斯","突尼西亞","Admin-0 country",NA,"Admin-0 country",NA,NA,NA,NA,NA,NA,NA,NA,NA,NA,NA,NA,NA,NA,NA,NA,NA,NA,NA,NA,NA,NA,NA,NA,NA,NA,NA,NA,NA,NA,NA,8.94,38.59,62.32,3.9,0,12.18,0.15,9.87,"Africa","Waking up","Lower middle","Electoral democracy"
"57","Turkey","Admin-0 country",3,2,"Turkey","TUR",0,2,"Sovereign country","1","Turkey","TUR",0,"Turkey","TUR",0,"Turkey","TUR",0,"Turkey","Turkey","TUR","Turkey",NA,"Tur.","TR","Republic of Turkey",NA,"Turkey",NA,NA,"Turkey",NA,6,3,8,4,83429615,16,2019,761425,2019,"4. Emerging region: MIKT","3. Upper middle income","TU","TR","TR","TUR","TUR","792","792","792","TR","TUR",23424969,23424969,"Exact WOE match as country","TUR",NA,"TUR","TUR","TUR","TUR","TUR","TUR","TUR","TUR","TUR","TUR","TUR","TUR","TUR","TUR","TUR","TUR","TUR","TUR","TUR","TUR","TUR","TUR","TUR","TUR","TUR","TUR","TUR","TUR","TUR","TUR","TUR","TUR",-99,-99,"Asia","Asia","Western Asia","Europe & Central Asia",6,6,4,-99,1,0,2,7,34.508268,39.345388,1159321331,"Q43","تركيا","তুরস্ক","Türkei","Turquía","ترکیه","Turquie","Τουρκία","טורקיה","तुर्की","Törökország","Turki","Turchia","トルコ","터키","Turkije","Turcja","Turquia","Турция","Turkiet","Türkiye","Туреччина","ترکی","Thổ Nhĩ Kỳ","土耳其","土耳其","Admin-0 country",NA,"Admin-0 country",NA,NA,NA,NA,NA,NA,NA,NA,NA,NA,NA,NA,NA,NA,NA,NA,NA,NA,NA,NA,NA,NA,NA,NA,NA,NA,NA,NA,NA,NA,NA,8.49,40.74,64.34,9.53,1.02,67.45,0.95,14.39,"Europe","Waking up","High","Electoral democracy"
"58","United Arab Emirates","Admin-0 country",1,4,"United Arab Emirates","ARE",0,2,"Sovereign country","1","United Arab Emirates","ARE",0,"United Arab Emirates","ARE",0,"United Arab Emirates","ARE",0,"United Arab Emirates","United Arab Emirates","ARE","United Arab Emirates",NA,"U.A.E.","AE","United Arab Emirates",NA,"United Arab Emirates",NA,NA,"United Arab Emirates",NA,2,1,3,3,9770529,13,2019,421142,2019,"6. Developing region","2. High income: nonOECD","AE","AE","AE","ARE","ARE","784","784","784","AE","ARE",23424738,23424738,"Exact WOE match as country","ARE",NA,"ARE","ARE","ARE","ARE","ARE","ARE","ARE","ARE","ARE","ARE","ARE","ARE","ARE","ARE","ARE","ARE","ARE","ARE","ARE","ARE","ARE","ARE","ARE","ARE","ARE","ARE","ARE","ARE","ARE","ARE","ARE","ARE",-99,-99,"Asia","Asia","Western Asia","Middle East & North Africa",20,20,6,-99,1,0,4,9,54.547256,23.466285,1159320329,"Q878","الإمارات العربية المتحدة","সংযুক্ত আরব আমিরাত","Vereinigte Arabische Emirate","Emiratos Árabes Unidos","امارات متحده عربی","Émirats arabes unis","Ηνωμένα Αραβικά Εμιράτα","איחוד האמירויות הערביות","संयुक्त अरब अमीरात","Egyesült Arab Emírségek","Uni Emirat Arab","Emirati Arabi Uniti","アラブ首長国連邦","아랍에미리트","Verenigde Arabische Emiraten","Zjednoczone Emiraty Arabskie","Emirados Árabes Unidos","Объединённые Арабские Эмираты","Förenade Arabemiraten","Birleşik Arap Emirlikleri","Об'єднані Арабські Емірати","متحدہ عرب امارات","Các Tiểu vương quốc Ả Rập Thống nhất","阿拉伯联合酋长国","阿拉伯聯合大公國","Admin-0 country",NA,"Admin-0 country",NA,NA,NA,NA,NA,NA,NA,NA,NA,NA,NA,NA,NA,NA,NA,NA,NA,NA,NA,NA,NA,NA,NA,NA,NA,NA,NA,NA,NA,NA,NA,2.65,79.16,72.12,5.13,15.53,81.38,3.22,21.17,"Middle East","Waking up","High","Closed autocracy"
"59","United Kingdom","Admin-0 country",1,2,"United Kingdom","GB1",1,2,"Country","1","United Kingdom","GBR",0,"United Kingdom","GBR",0,"United Kingdom","GBR",0,"United Kingdom","United Kingdom","GBR","United Kingdom",NA,"U.K.","GB","United Kingdom of Great Britain and Northern Ireland",NA,"United Kingdom",NA,NA,"United Kingdom",NA,6,6,6,3,66834405,16,2019,2829108,2019,"1. Developed region: G7","1. High income: OECD","UK","GB","GB","GBR","GBR","826","826","826","GB","GBR",-90,23424975,"Eh ID includes Channel Islands and Isle of Man. UK constituent countries of England (24554868), Wales (12578049), Scotland (12578048), and Northern Ireland (20070563).","GBR",NA,"GBR","GBR","GBR","GBR","GBR","GBR","GBR","GBR","GBR","GBR","GBR","GBR","GBR","GBR","GBR","GBR","GBR","GBR","GBR","GBR","GBR","GBR","GBR","GBR","GBR","GBR","GBR","GBR","GBR","GBR","GBR","GBR",-99,-99,"Europe","Europe","Northern Europe","Europe & Central Asia",14,14,4,-99,1,0,1.7,6.7,-2.116346,54.402739,1159320713,"Q145","المملكة المتحدة","যুক্তরাজ্য","Vereinigtes Königreich","Reino Unido","بریتانیا","Royaume-Uni","Ηνωμένο Βασίλειο","הממלכה המאוחדת","यूनाइटेड किंगडम","Egyesült Királyság","Britania Raya","Regno Unito","イギリス","영국","Verenigd Koninkrijk","Wielka Brytania","Reino Unido","Великобритания","Storbritannien","Birleşik Krallık","Велика Британія","مملکت متحدہ","Vương quốc Liên hiệp Anh và Bắc Ireland","英国","英國","Admin-0 country",NA,"Admin-0 country",NA,NA,NA,NA,NA,NA,NA,NA,NA,NA,NA,NA,NA,NA,NA,NA,NA,NA,NA,NA,NA,NA,NA,NA,NA,NA,NA,NA,NA,NA,NA,39.65,71.43,74.65,36.5,25.03,82.82,18.91,40.93,"Europe","Traditional champions","High","Liberal democracy"
"60","United States of America","Admin-0 country",5,2,"United States of America","US1",1,2,"Country","1","United States of America","USA",0,"United States of America","USA",0,"United States","USA",0,"United States of America","United States","USA","United States",NA,"U.S.A.","US","United States of America",NA,"United States",NA,NA,"United States of America",NA,4,5,1,1,328239523,17,2019,21433226,2019,"1. Developed region: G7","1. High income: OECD","US","US","US","USA","USA","840","840","840","US","USA",23424977,23424977,"Exact WOE match as country","USA",NA,"USA","USA","USA","USA","USA","USA","USA","USA","USA","USA","USA","USA","USA","USA","USA","USA","USA","USA","USA","USA","USA","USA","USA","USA","USA","USA","USA","USA","USA","USA","USA","USA",-99,-99,"North America","Americas","Northern America","North America",24,13,6,-99,1,0,1.7,5.7,-97.482602,39.538479,1159321369,"Q30","الولايات المتحدة","মার্কিন যুক্তরাষ্ট্র","Vereinigte Staaten","Estados Unidos","ایالات متحده آمریکا","États-Unis","Ηνωμένες Πολιτείες Αμερικής","ארצות הברית","संयुक्त राज्य अमेरिका","Amerikai Egyesült Államok","Amerika Serikat","Stati Uniti d'America","アメリカ合衆国","미국","Verenigde Staten van Amerika","Stany Zjednoczone","Estados Unidos","США","USA","Amerika Birleşik Devletleri","Сполучені Штати Америки","ریاستہائے متحدہ امریکا","Hoa Kỳ","美国","美國","Admin-0 country",NA,"Admin-0 country",NA,NA,NA,NA,NA,NA,NA,NA,NA,NA,NA,NA,NA,NA,NA,NA,NA,NA,NA,NA,NA,NA,NA,NA,NA,NA,NA,NA,NA,NA,NA,100,94.02,64.56,100,100,77.39,100,100,"Americas","Power players","High","Liberal democracy"
"61","Uruguay","Admin-0 country",1,4,"Uruguay","URY",0,2,"Sovereign country","1","Uruguay","URY",0,"Uruguay","URY",0,"Uruguay","URY",0,"Uruguay","Uruguay","URY","Uruguay",NA,"Ury.","UY","Oriental Republic of Uruguay",NA,"Uruguay",NA,NA,"Uruguay",NA,1,2,2,10,3461734,12,2019,56045,2019,"5. Emerging region: G20","3. Upper middle income","UY","UY","UY","URY","URY","858","858","858","UY","URY",23424979,23424979,"Exact WOE match as country","URY",NA,"URY","URY","URY","URY","URY","URY","URY","URY","URY","URY","URY","URY","URY","URY","URY","URY","URY","URY","URY","URY","URY","URY","URY","URY","URY","URY","URY","URY","URY","URY","URY","URY",-99,-99,"South America","Americas","South America","Latin America & Caribbean",7,7,4,-99,1,0,3,8,-55.966942,-32.961127,1159321353,"Q77","الأوروغواي","উরুগুয়ে","Uruguay","Uruguay","اروگوئه","Uruguay","Ουρουγουάη","אורוגוואי","उरुग्वे","Uruguay","Uruguay","Uruguay","ウルグアイ","우루과이","Uruguay","Urugwaj","Uruguai","Уругвай","Uruguay","Uruguay","Уругвай","یوراگوئے","Uruguay","乌拉圭","烏拉圭","Admin-0 country",NA,"Admin-0 country",NA,NA,NA,NA,NA,NA,NA,NA,NA,NA,NA,NA,NA,NA,NA,NA,NA,NA,NA,NA,NA,NA,NA,NA,NA,NA,NA,NA,NA,NA,NA,7.28,58.77,70.75,0.73,0.26,30.92,0.43,13.27,"Americas","Waking up","High","Liberal democracy"
"62","Vietnam","Admin-0 country",3,2,"Vietnam","VNM",0,2,"Sovereign country","1","Vietnam","VNM",0,"Vietnam","VNM",0,"Vietnam","VNM",0,"Vietnam","Vietnam","VNM","Vietnam",NA,"Viet.","VN","Socialist Republic of Vietnam",NA,"Vietnam",NA,NA,"Vietnam",NA,5,6,5,4,96462106,16,2019,261921,2019,"5. Emerging region: G20","4. Lower middle income","VM","VN","VN","VNM","VNM","704","704","704","VN","VNM",23424984,23424984,"Exact WOE match as country","VNM",NA,"VNM","VNM","VNM","VNM","VNM","VNM","VNM","VNM","VNM","VNM","VNM","VNM","VNM","VNM","VNM","VNM","VNM","VNM","VNM","VNM","VNM","VNM","VNM","VNM","VNM","VNM","VNM","VNM","VNM","VNM","VNM","VNM",-99,-99,"Asia","Asia","South-Eastern Asia","East Asia & Pacific",7,7,5,2,1,0,2,7,105.387292,21.715416,1159321417,"Q881","فيتنام","ভিয়েতনাম","Vietnam","Vietnam","ویتنام","Viêt Nam","Βιετνάμ","וייטנאם","वियतनाम","Vietnám","Vietnam","Vietnam","ベトナム","베트남","Vietnam","Wietnam","Vietname","Вьетнам","Vietnam","Vietnam","В'єтнам","ویتنام","Việt Nam","越南","越南","Admin-0 country",NA,"Admin-0 country",NA,NA,NA,NA,NA,NA,NA,NA,NA,NA,NA,NA,NA,NA,NA,NA,NA,NA,NA,NA,NA,NA,NA,NA,NA,NA,NA,NA,NA,NA,NA,6.34,55.76,37.61,2.03,0.3,68.86,0.31,11.62,"Asia-Pacific","Waking up","Lower middle","Closed autocracy"
